name,label
35990_335201_47619-1372-F11-2_A6NIK2_LRRC10B_SH-SY5Y_nuc_mt_er.jpg,17
34985_222818_35464-1134-F11-2__TFF3_MCF7_nuc_mt_er.jpg,11
6728_3804_525-21-F6-1_P30566_ADSL_A-431_nuc_mt_er.jpg,0
15535_291504_12309-1276-E4-1_Q8N6D2_RNF182_HeLa_nuc_mt_er.jpg,9
27585_189811_42987-984-D12-1_Q9NPB8_GPCPD1_A549_nuc_mt_er.jpg,1
29082_426720_31427-1593-D9-1_Q92529_SHC3_AF22_nuc_mt_er.jpg,2
6493_362719_56131-1432-D3-3_Q53LP3_SOWAHC_PC-3_nuc_mt_er.jpg,13
15057_150431_53889-806-B3-1_Q8N1E6_FBXL14_HEK-293_nuc_mt_er.jpg,6
4622_227022_41522-1128-E3-4_Q9ULX3_NOB1_A549_nuc_mt_er.jpg,1
11565_341955_37002-1383-F7-1_Q8NDB2_BANK1_RT4_nuc_mt_er.jpg,16
17269_497887_77416-1721-A3-13-cr57eaab4731107_P30405_PPIF_CACO-2_nuc_mt_er.jpg,5
16960_198048_49820-1021-G8-2_P32942_ICAM3_PC-3_nuc_mt_er.jpg,13
11915_312_3267-2-E9-1_Q9Y5K6_CD2AP_A-431_nuc_mt_er.jpg,0
30505_96927_42189-547-D1-1_Q96EK4_THAP11_A-431_nuc_mt_er.jpg,0
36195_414178_4625-1612-A1-2_P15144_ANPEP_BJ_nuc_mt_er.jpg,4
4060_379801_72648-1495-E2-2_P60896_SHFM1_SiHa_nuc_mt_er.jpg,19
8238_365696_3424-1450-A10-1_P61024_CKS1B_PC-3_nuc_mt_er.jpg,13
31904_524088_51930-1752-F4-8-cr5804e0a7b1430__ARMCX4_HUVEC-TERT2_nuc_mt_er.jpg,7
33492_42994_21876-236-F1-1_Q05BQ5_MBTD1_U-251-MG_nuc_mt_er.jpg,21
36634_505291_74414-1677-B12-2_P42701_IL12RB1_REH_nuc_mt_er.jpg,14
3379_52811_30818-333-A6-1_O15498_YKT6_A-431_nuc_mt_er.jpg,0
33635_249211_40809-1165-D9-3_Q9NWB1_RBFOX1_RH-30_nuc_mt_er.jpg,15
1706_51327_30145-326-D5-1_P0C025_NUDT17_A-431_nuc_mt_er.jpg,0
32252_326837_58267-1343-G6-1_Q01860_POU5F1_HaCaT_nuc_mt_er.jpg,8
35886_241748_62305-1169-F8-2_Q2M3W8_ZNF181_SiHa_nuc_mt_er.jpg,19
14705_250329_53509-1198-B2-4_Q6ZMC9_SIGLEC15_PC-3_nuc_mt_er.jpg,13
7866_135010_43954-719-G3-4_P53618_COPB1_U-2-OS_nuc_mt_er.jpg,20
8553_153846_41172-786-C9-8_O15173_PGRMC2_HeLa_nuc_mt_er.jpg,9
36529_497256_76091-1721-E6-4-cr57eabd023a84a_P27815_PDE4A_CACO-2_nuc_mt_er.jpg,5
4905_147632_48126-793-A10-1_Q6UWJ1_TMCO3_U-251-MG_nuc_mt_er.jpg,21
17432_277488_67191-1258-C11-2_Q9NYY8_FASTKD2_CACO-2_nuc_mt_er.jpg,5
27334_255156_22531-1207-E10-1_Q9C073_FAM117A_MCF7_nuc_mt_er.jpg,11
3433_8917_7094-44-C3-1_P51570_GALK1_U-2-OS_nuc_mt_er.jpg,20
17755_241787_62411-1169-H7-1_O94952_FBXO21_SiHa_nuc_mt_er.jpg,19
19917_407538_1150-1606-D2-2_Q8N443_RIBC1_SiHa_nuc_mt_er.jpg,19
35432_139761_44251-758-A7-1_Q9Y2K7_KDM2A_U-2-OS_nuc_mt_er.jpg,20
2830_329513_12577-1327-D1-1_Q676U5_ATG16L1_Hep-G2_nuc_mt_er.jpg,10
37935_308274_65444-1304-G6-2_P19440_GGT1_A549_nuc_mt_er.jpg,1
40054_398660_71857-1581-C12-1_P0DL12_SMIM17_HEK-293_nuc_mt_er.jpg,6
33881_146471_51746-787-H3-1_O14562_UBFD1_HeLa_nuc_mt_er.jpg,9
32309_299845_63816-1277-D1-1_A6NDU8_C5orf51_HeLa_nuc_mt_er.jpg,9
36852_410703_76913-1608-B3-2_O60610_DIAPH1_HaCaT_nuc_mt_er.jpg,8
5846_236049_36987-1145-F1-2_P47897_QARS_Hep-G2_nuc_mt_er.jpg,10
29135_269345_52700-1239-B4-2_Q8NBV8_SYT8_CACO-2_nuc_mt_er.jpg,5
20105_366099_30471-1450-C9-3__COMMD3_PC-3_nuc_mt_er.jpg,13
8512_274466_15270-1253-H1-6_Q13043_STK4_CACO-2_nuc_mt_er.jpg,5
37168_342947_61444-1385-B7-1_Q96MG8_PCMTD1_RT4_nuc_mt_er.jpg,16
35486_378938_40020-1494-D6-2_Q9BRP4_PAAF1_RH-30_nuc_mt_er.jpg,15
2299_22860_13979-160-D7-1_O43739_CYTH3_A-431_nuc_mt_er.jpg,0
14630_547876_3157-1742-D5-7-cr5804956327650_P21810_BGN_BJ_nuc_mt_er.jpg,4
39670_189854_48345-987-A9-2_Q8N2R8_FAM43A_PC-3_nuc_mt_er.jpg,13
36601_231537_56817-1144-G12-2_Q9H4G0_EPB41L1_Hep-G2_nuc_mt_er.jpg,10
15587_305336_57905-1301-H6-6_Q9BZD2_SLC29A3_Hep-G2_nuc_mt_er.jpg,10
36799_217001_58921-1100-E7-2_Q9UQF2_MAPK8IP1_U-2-OS_nuc_mt_er.jpg,20
36770_504277_12734-1744-G3-10-cr5807571f4620d_O00214_LGALS8_RT4_nuc_mt_er.jpg,16
26986_360944_49529-1443-E10-1_O95196_CSPG5_PC-3_nuc_mt_er.jpg,13
33738_142376_31267-763-B6-1_Q9H2E6_SEMA6A_Hep-G2_nuc_mt_er.jpg,10
6407_260336_64572-1215-H1-1_Q8TEX9_IPO4_MCF7_nuc_mt_er.jpg,11
5525_33982_19664-242-A8-1_Q96PR1_KCNC2_A-431_nuc_mt_er.jpg,0
11592_376356_38452-1482-E6-1_Q6ZUJ8_PIK3AP1_HEK-293_nuc_mt_er.jpg,6
36517_389171_40468-1541-A4-2_Q6J9G0_STYK1_RT4_nuc_mt_er.jpg,16
8750_237801_48392-1162-C4-1_O95922_TTLL1_RH-30_nuc_mt_er.jpg,15
28722_392079_50343-1553-D3-2_Q9HAZ2_PRDM16_CACO-2_nuc_mt_er.jpg,5
28694_152425_43572-813-E7-1_Q96F63_CCDC97_A-431_nuc_mt_er.jpg,0
17230_265280_47679-1240-B9-2_O75127_PTCD1_CACO-2_nuc_mt_er.jpg,5
1871_358142_73147-1437-D2-2_P51861_CDR1_U-2-OS_nuc_mt_er.jpg,20
29826_1163_5480-7-A1-1_Q86TM6_SYVN1_U-2-OS_nuc_mt_er.jpg,20
27505_347415_15599-1395-A10-4_P12955_PEPD_RT4_nuc_mt_er.jpg,16
12852_202737_44402-1034-H10-1_Q96LT4_SAMD8_PC-3_nuc_mt_er.jpg,13
22869_243227_61753-1178-G4-2_Q68CL5_TPGS2_SiHa_nuc_mt_er.jpg,19
34617_373241_62487-1484-H8-1_Q8TE56_ADAMTS17_SK-MEL-30_nuc_mt_er.jpg,18
13793_386670_47509-1524-F12-2_Q3YBM2_TMEM176B_CACO-2_nuc_mt_er.jpg,5
29531_17416_11880-94-D6-1_Q13620_CUL4B_U-251-MG_nuc_mt_er.jpg,21
30700_239878_56958-1165-F7-1_Q9NPC8_SIX2_RH-30_nuc_mt_er.jpg,15
13167_133300_51195-722-D11-1_O14656_TOR1A_MCF7_nuc_mt_er.jpg,11
19768_488118_8987-1669-D1-1_Q9Y2P4_SLC27A6_SH-SY5Y_nuc_mt_er.jpg,17
31026_351790_60328-1405-E3-2_Q2M1V0_ISX_Hep-G2_nuc_mt_er.jpg,10
26847_282003_65012-1233-C3-7_O00716_E2F3_SH-SY5Y_nuc_mt_er.jpg,17
12436_10070_10803-49-C12-1_A2RU67_FAM234B_U-251-MG_nuc_mt_er.jpg,21
36594_198120_52460-1021-B4-1_Q14112_NID2_PC-3_nuc_mt_er.jpg,13
11326_41151_27006-231-A1-1_Q9H8P0_SRD5A3_A-431_nuc_mt_er.jpg,0
33428_352056_1292-1399-B10-7_P01009_SERPINA1_Hep-G2_nuc_mt_er.jpg,10
7716_401472_69701-1587-H6-1_Q8IWE2_FAM114A1_RH-30_nuc_mt_er.jpg,15
32519_354241_73835-1412-F3-1_Q3KRA9_ALKBH6_MCF7_nuc_mt_er.jpg,11
29396_262372_65946-1233-G9-2_Q7Z3K6_MIER3_SH-SY5Y_nuc_mt_er.jpg,17
16866_221038_1765-1124-D10-1_P54296_MYOM2_HEK-293_nuc_mt_er.jpg,6
36004_90817_44157-516-E12-1_Q8IZ63_PRR22_U-2-OS_nuc_mt_er.jpg,20
14414_258811_66190-1217-H7-1_Q5T6V5_C9orf64_MCF7_nuc_mt_er.jpg,11
5638_344016_71802-1391-B2-2_O75355_ENTPD3_RT4_nuc_mt_er.jpg,16
35171_359700_54006-1433-F1-1_Q8IXZ3_SP8_PC-3_nuc_mt_er.jpg,13
4737_45085_29023-275-B9-1_Q9NRG4_SMYD2_U-2-OS_nuc_mt_er.jpg,20
18510_432238_77993-1680-H10-3_O43448_KCNAB3_SH-SY5Y_nuc_mt_er.jpg,17
4847_112737_17033-621-E5-1_O94903_PROSC_A-431_nuc_mt_er.jpg,0
26819_239931_3750-1165-C4-1_O60942_RNGTT_RH-30_nuc_mt_er.jpg,15
32022_361093_65458-1443-H5-1_Q5TA89_HES5_PC-3_nuc_mt_er.jpg,13
3726_204889_27127-1033-A4-1_Q9NX04_C1orf109_PC-3_nuc_mt_er.jpg,13
1518_355522_65482-1417-A1-2_P68543_UBXN2A_RH-30_nuc_mt_er.jpg,15
12835_482946_23915-1656-C7-2_Q96KS9_FAM167A_SH-SY5Y_nuc_mt_er.jpg,17
14138_147781_50215-793-D7-1_P40818_USP8_U-251-MG_nuc_mt_er.jpg,21
20850_146108_49817-788-F6-1_Q96HA1_POM121_HeLa_nuc_mt_er.jpg,9
23159_163145_49728-863-C6-1_Q8TCN5_ZNF507_A-431_nuc_mt_er.jpg,0
12378_407254_38472-1606-B9-1_Q9P265_DIP2B_SiHa_nuc_mt_er.jpg,19
20614_247200_60198-1184-B11-1_Q9NWM0_SMOX_SiHa_nuc_mt_er.jpg,19
10578_47720_29604-296-H5-2_Q70EL2_USP45_A-431_nuc_mt_er.jpg,0
1598_473035_77996-1702-H8-32_Q9BYJ4_TRIM34_A549_nuc_mt_er.jpg,1
22418_30992_18132-180-E1-1_Q9NWK9_ZNHIT6_U-251-MG_nuc_mt_er.jpg,21
10803_257557_51101-1203-H5-1_Q9BXJ1_C1QTNF1_PC-3_nuc_mt_er.jpg,13
17484_141931_39702-763-A11-1_Q96B26_EXOSC8_Hep-G2_nuc_mt_er.jpg,10
14750_355030_56288-1413-C1-3_Q6ZMN8_CCNI2_RH-30_nuc_mt_er.jpg,15
21434_386188_5652-1525-G8-1_P35548_MSX2_CACO-2_nuc_mt_er.jpg,5
25196_329063_41419-1327-B4-2_Q9NVU0_POLR3E_Hep-G2_nuc_mt_er.jpg,10
38764_335263_30188-1320-F10-3_P20930_FLG_HaCaT_nuc_mt_er.jpg,8
19827_164953_53775-871-F4-1_Q96GM8_TOE1_HeLa_nuc_mt_er.jpg,9
22211_463844_76497-1676-F1-2__TADA2A_REH_nuc_mt_er.jpg,14
28514_161620_42388-857-G6-1_A3KN83_SBNO1_A549_nuc_mt_er.jpg,1
6798_458629_73152-1668-A6-1_Q9H009_NACA2_SH-SY5Y_nuc_mt_er.jpg,17
32352_151440_50153-807-G1-1_Q9HD15_SRA1_CACO-2_nuc_mt_er.jpg,5
18140_228751_64198-1139-A12-1_Q2TB90_HKDC1_A549_nuc_mt_er.jpg,1
13743_347030_63634-1401-A12-1_Q9UJY4_GGA2_RH-30_nuc_mt_er.jpg,15
17850_545028_76303-1712-C8-22-cr580502bdb290c_Q9P2F6_ARHGAP20_SiHa_nuc_mt_er.jpg,19
26426_344314_62391-1392-H9-1_Q7Z406_MYH14_RT4_nuc_mt_er.jpg,16
18980_267134_65305-1254-G8-2_Q5T2N8_ATAD3C_CACO-2_nuc_mt_er.jpg,5
34083_335167_58384-1372-A11-1_Q9BYV9_BACH2_SH-SY5Y_nuc_mt_er.jpg,17
38462_146146_47821-765-C9-4_Q8NBJ5_COLGALT1_HEK-293_nuc_mt_er.jpg,4
34679_306605_59692-1307-B12-2_Q9BZD4_NUF2_HEK-293_nuc_mt_er.jpg,6
36452_345457_59627-1375-D4-5_Q6PHW0_IYD_RT4_nuc_mt_er.jpg,16
27749_278824_63671-1273-F9-2_P31249_HOXD3_HEK-293_nuc_mt_er.jpg,6
29013_193892_46559-1000-D4-1_P63172_DYNLT1_U-251-MG_nuc_mt_er.jpg,21
14979_270994_5719-1220-H2-1_Q8TEY7_USP33_SH-SY5Y_nuc_mt_er.jpg,17
10189_260006_540-1219-H7-1_Q13015_MLLT11_SH-SY5Y_nuc_mt_er.jpg,17
39310_306535_60462-1303-B7-3_Q8NBT3_TMEM145_A549_nuc_mt_er.jpg,1
28324_23586_15853-128-B8-1_Q9H0F5_RNF38_A-431_nuc_mt_er.jpg,0
33311_138200_48325-753-G8-1_O15194_CTDSPL_Hep-G2_nuc_mt_er.jpg,10
35311_226821_61316-1135-D10-1_Q9H1J1_UPF3A_Hep-G2_nuc_mt_er.jpg,10
35063_354041_68921-1413-G7-2_Q9UBQ6_EXTL2_RH-30_nuc_mt_er.jpg,15
39865_383657_65332-1518-E3-1_Q71RC9_SMIM5_RT4_nuc_mt_er.jpg,16
18881_242463_63062-1163-F7-1_O76082_SLC22A5_SiHa_nuc_mt_er.jpg,19
10954_257480_60364-1218-B11-1_P10301_RRAS_PC-3_nuc_mt_er.jpg,13
34045_159895_38189-852-G3-3_P32856_STX2_PC-3_nuc_mt_er.jpg,13
26060_334916_68782-1362-A8-3_Q9P2T1_GMPR2_MCF7_nuc_mt_er.jpg,11
7139_36804_27183-214-F12-1_Q9Y266_NUDC_U-2-OS_nuc_mt_er.jpg,20
31496_356063_60211-1422-G11-1_Q9UHD2_TBK1_RT4_nuc_mt_er.jpg,16
35594_219006_8164-1113-E4-1_Q8WUA8_TSKU_A549_nuc_mt_er.jpg,1
1595_473035_77996-1702-H8-32__TRIM6_A549_nuc_mt_er.jpg,1
10793_260078_46792-1219-C3-2_Q9H3W5_LRRN3_SH-SY5Y_nuc_mt_er.jpg,17
24135_386514_20446-1525-C1-5_Q6PGQ1_DRICH1_CACO-2_nuc_mt_er.jpg,5
20082_339472_49901-1372-C10-5__CCDC188_SH-SY5Y_nuc_mt_er.jpg,17
22725_247381_25829-1183-B4-1_Q96SL4_GPX7_SiHa_nuc_mt_er.jpg,19
7537_337105_62656-1331-D8-6_P40616_ARL1_BJ_nuc_mt_er.jpg,4
33252_147978_52065-785-H4-6_Q03701_CEBPZ_HeLa_nuc_mt_er.jpg,9
33509_213653_58387-1061-D9-1_Q9NPA5_ZFP64_HeLa_nuc_mt_er.jpg,9
35956_432189_56039-1680-C11-2_P20264_POU3F3_SH-SY5Y_nuc_mt_er.jpg,17
6522_260871_63296-1215-E5-1_P03897_MT_MCF7_nuc_mt_er.jpg,11
35469_286200_24379-1291-B12-2_O75971_SNAPC5_SK-MEL-30_nuc_mt_er.jpg,18
7383_227150_60776-1136-B8-1_P46776_RPL27A_Hep-G2_nuc_mt_er.jpg,10
39024_453397_73681-1668-G12-1_Q96MC6_HIAT1_SH-SY5Y_nuc_mt_er.jpg,17
9789_333273_70604-1360-B10-2_Q9NP77_SSU72_SK-MEL-30_nuc_mt_er.jpg,18
27338_97152_39511-523-C1-3_Q6P9A3_ZNF549_A-431_nuc_mt_er.jpg,0
11650_50987_29641-322-E7-2_Q6IPR3_TYW3_U-2-OS_nuc_mt_er.jpg,20
11866_221882_16579-1124-H2-1_Q9H0R3_TMEM222_HEK-293_nuc_mt_er.jpg,6
3077_254297_63367-1202-D10-4_Q9Y366_IFT52_SH-SY5Y_nuc_mt_er.jpg,17
10730_356305_39799-1421-B5-1_Q96PM9_ZNF385A_RT4_nuc_mt_er.jpg,16
37824_143742_52235-777-B11-1_Q14563_SEMA3A_U-2-OS_nuc_mt_er.jpg,20
32303_395649_70601-1544-E12-8_Q92784_DPF3_BJ_nuc_mt_er.jpg,4
32047_269815_18237-1210-A5-5_Q8NDW4_ZNF248_PC-3_nuc_mt_er.jpg,13
10827_213110_57961-1061-F10-2_Q8WXH5_SOCS4_HeLa_nuc_mt_er.jpg,9
21778_72199_36748-428-G6-1_Q9HCG8_CWC22_U-251-MG_nuc_mt_er.jpg,21
39959_310851_69784-1310-E2-4_Q96JG9_ZNF469_A549_nuc_mt_er.jpg,1
24017_146420_51832-787-E5-1_Q9BXV9_C14orf142_HeLa_nuc_mt_er.jpg,9
8854_171483_31357-899-D1-1_Q5T124_UBXN11_A-431_nuc_mt_er.jpg,0
34024_239844_37814-1165-C9-1_O00534_VWA5A_RH-30_nuc_mt_er.jpg,15
25666_339767_66482-1375-A7-1_Q9HCN6_GP6_RT4_nuc_mt_er.jpg,16
15612_19340_3902-111-D10-1_Q9NWS6_FAM118A_U-2-OS_nuc_mt_er.jpg,20
16118_374899_71324-1487-C7-1_Q53G59_KLHL12_SiHa_nuc_mt_er.jpg,19
8355_192359_9486-990-H6-1_O43462_MBTPS2_A549_nuc_mt_er.jpg,1
13882_97612_34496-551-A9-1_Q9HB20_PLEKHA3_U-2-OS_nuc_mt_er.jpg,20
36262_332834_55491-1363-A1-2_Q9BY11_PACSIN1_MCF7_nuc_mt_er.jpg,11
27231_188643_50862-978-A12-1_Q9H1B7_IRF2BPL_PC-3_nuc_mt_er.jpg,13
24513_18493_14476-105-A12-1_Q96AN5_TMEM143_U-251-MG_nuc_mt_er.jpg,21
36880_378530_58052-1501-A10-1_P26715_KLRC1_A549_nuc_mt_er.jpg,1
32685_184267_34583-964-C3-1__PMF1_MCF7_nuc_mt_er.jpg,11
37262_426085_3891-1641-G5-1_P28827_PTPRM_RT4_nuc_mt_er.jpg,16
14672_134607_50992-732-F10-1_Q9NZC7_WWOX_HEK-293_nuc_mt_er.jpg,6
24547_71028_36809-423-E11-1_A6NEL2_SOWAHB_A-431_nuc_mt_er.jpg,0
18738_198628_23861-1020-C5-1_Q63HM1_AFMID_PC-3_nuc_mt_er.jpg,13
27590_279221_49051-1269-C2-2_Q99966_CITED1_SK-MEL-30_nuc_mt_er.jpg,18
16879_293386_63987-1274-E5-1_Q8N612_FAM160A2_U-2-OS_nuc_mt_er.jpg,20
20632_233456_62034-1148-H1-1_P46060_RANGAP1_MCF7_nuc_mt_er.jpg,11
2227_267727_57676-1239-C12-5_Q8IU60_DCP2_CACO-2_nuc_mt_er.jpg,5
14212_329443_46972-1334-E3-6_P08833_IGFBP1_Hep-G2_nuc_mt_er.jpg,10
39268_347481_56685-1404-B12-1_Q86UB9_TMEM135_Hep-G2_nuc_mt_er.jpg,10
2011_249041_61796-1192-C4-3_P28074_PSMB5_PC-3_nuc_mt_er.jpg,13
24281_318069_57208-1308-B7-1_Q9UPW5_AGTPBP1_HEK-293_nuc_mt_er.jpg,6
18265_81152_36683-471-H5-1_P53597_SUCLG1_A-431_nuc_mt_er.jpg,0
38300_410640_7692-1606-A3-4_Q9Y5E9_PCDHB14_SiHa_nuc_mt_er.jpg,19
14299_387353_64827-1527-B2-1_Q7Z449_CYP2U1_BJ_nuc_mt_er.jpg,4
14200_476147_1524-1662-G1-1_P02765_AHSG_Hep-G2_nuc_mt_er.jpg,10
27055_172356_55543-907-D5-1_Q9Y4C1_KDM3A_U-251-MG_nuc_mt_er.jpg,21
28745_347105_69047-1402-B12-2_Q9Y483_MTF2_RH-30_nuc_mt_er.jpg,15
9500_230530_37812-1142-E4-2_Q9UGK8_SERGEF_Hep-G2_nuc_mt_er.jpg,10
13123_304474_58655-1259-C6-4_Q6P4F1_FUT10_CACO-2_nuc_mt_er.jpg,5
23396_246747_62922-1187-G9-1_Q76FK4_NOL8_PC-3_nuc_mt_er.jpg,13
32951_344295_63663-1392-B10-1_P37231_PPARG_RT4_nuc_mt_er.jpg,16
18705_356198_66861-1422-A4-1_A6NEQ2_FAM181B_RT4_nuc_mt_er.jpg,16
4087_235030_64895-1151-A6-1_Q9H6Z9_EGLN3_RH-30_nuc_mt_er.jpg,15
20553_189097_48469-978-D4-1_Q969L4_LSM10_PC-3_nuc_mt_er.jpg,13
15189_355736_61742-1422-G12-1_Q8WXK3_ASB13_RT4_nuc_mt_er.jpg,16
22291_332823_15809-1363-E2-2_Q8TDI0_CHD5_MCF7_nuc_mt_er.jpg,11
39113_516938_62028-1682-H5-2_Q7Z6J2_GRASP_SK-MEL-30_nuc_mt_er.jpg,18
12734_413778_76926-1612-F5-2_Q9BSJ8_ESYT1_BJ_nuc_mt_er.jpg,4
2502_164833_54181-871-F11-1_Q9NUD9_PIGV_HeLa_nuc_mt_er.jpg,9
3892_359768_46997-1421-G1-4_P27037_ACVR2A_RT4_nuc_mt_er.jpg,16
12776_23005_15914-127-B7-1_Q8N5K1_CISD2_U-251-MG_nuc_mt_er.jpg,21
14270_19593_12723-136-F4-1_O43493_TGOLN2_A-431_nuc_mt_er.jpg,0
14984_406337_26312-1609-D12-2_Q9HAW4_CLSPN_RH-30_nuc_mt_er.jpg,15
19798_203784_27885-1035-B12-1_P38432_COIL_HEK-293_nuc_mt_er.jpg,6
11348_201297_49531-1036-G1-2_Q9UBB4_ATXN10_HEK-293_nuc_mt_er.jpg,6
10374_123558_5593-661-E3-6_P55072_VCP_U-251-MG_nuc_mt_er.jpg,21
34445_357227_18221-1430-E8-2_Q9BV47_DUSP26_SH-SY5Y_nuc_mt_er.jpg,17
19368_72097_40181-429-B11-2_Q5U5X8_FAM222A_U-251-MG_nuc_mt_er.jpg,21
11576_22486_14701-126-E1-1_Q96NL3_ZNF599_U-2-OS_nuc_mt_er.jpg,20
19654_231668_61460-1135-C5-1_P56179_DLX6_Hep-G2_nuc_mt_er.jpg,10
16596_386577_30473-1528-B12-1_Q7Z4G4_TRMT11_Hep-G2_nuc_mt_er.jpg,10
28206_348684_7185-1401-E6-1_P09651_HNRNPA1_RH-30_nuc_mt_er.jpg,15
14518_505390_65260-1681-E9-2_Q99748_NRTN_SH-SY5Y_nuc_mt_er.jpg,17
39740_31643_23781-211-A8-1_Q05707_COL14A1_U-2-OS_nuc_mt_er.jpg,20
37015_324099_58444-1315-G4-3_P55286_CDH8_HaCaT_nuc_mt_er.jpg,8
30255_242044_61946-1169-E3-1_O95125_ZNF202_SiHa_nuc_mt_er.jpg,19
28136_414285_75003-1593-B11-4_P41225_SOX3_AF22_nuc_mt_er.jpg,2
22230_117109_11673-636-E1-1_O95453_PARN_U-251-MG_nuc_mt_er.jpg,21
21615_542880_49136-1747-D2-1-cr58062de4d3615_Q92901_RPL3L_PC-3_nuc_mt_er.jpg,13
8940_52609_31572-332-G2-1_Q9UNF1_MAGED2_U-2-OS_nuc_mt_er.jpg,20
18963_140425_50406-765-B12-1_Q16540_MRPL23_HEK-293_nuc_mt_er.jpg,6
31143_259817_58227-1223-F7-2_Q96NT1_NAP1L5_SH-SY5Y_nuc_mt_er.jpg,17
25245_164883_50220-871-H10-1_Q9P0W2_HMG20B_HeLa_nuc_mt_er.jpg,9
37688_211362_38335-1047-G8-3_Q9H0X9_OSBPL5_HeLa_nuc_mt_er.jpg,9
25786_143219_47162-767-F11-1_Q9UKX7_NUP50_MCF7_nuc_mt_er.jpg,11
34771_159904_50419-852-B2-1_Q9H2I8_C10orf11_PC-3_nuc_mt_er.jpg,13
35395_246732_60593-1170-B1-2_Q9HAH1_ZNF556_RH-30_nuc_mt_er.jpg,15
12295_352002_71227-1403-A2-1_P42345_MTOR_RH-30_nuc_mt_er.jpg,15
36849_326628_51551-1332-G3-1_Q8N3T1_GALNT15_BJ_nuc_mt_er.jpg,4
12854_406062_28077-1599-A5-3_Q9NVZ3_NECAP2_BJ_nuc_mt_er.jpg,4
13693_344271_65226-1392-G11-1_Q10567_AP1B1_RT4_nuc_mt_er.jpg,16
39607_444973_73662-1635-H3-31_O95471_CLDN7_CACO-2_nuc_mt_er.jpg,5
16846_246793_64605-1187-G8-3_P28331_NDUFS1_PC-3_nuc_mt_er.jpg,13
19458_59695_31821-371-B10-1_Q9NWT8_AURKAIP1_U-2-OS_nuc_mt_er.jpg,20
20236_249547_62163-1194-F4-1_O60296_TRAK2_PC-3_nuc_mt_er.jpg,13
37070_67842_30799-409-D8-2_A6PVS8_LRRIQ3_U-251-MG_nuc_mt_er.jpg,21
26175_225438_60724-1127-F8-1_Q16576_RBBP7_HEK-293_nuc_mt_er.jpg,6
33499_272654_65197-1265-F4-4_Q96FC9_DDX11_HEK-293_nuc_mt_er.jpg,6
14373_192981_14738-990-B3-1_Q9H3M0_KCNF1_A549_nuc_mt_er.jpg,1
15145_333064_53652-1368-H8-4_Q13822_ENPP2_BJ_nuc_mt_er.jpg,4
20331_192125_56669-990-D10-1_Q9P086_MED11_A549_nuc_mt_er.jpg,1
38522_386150_72269-1525-G9-1_P36222_CHI3L1_CACO-2_nuc_mt_er.jpg,5
20678_213435_61560-1080-E3-1_Q53GS7_GLE1_MCF7_nuc_mt_er.jpg,11
34716_62202_34712-381-G6-1_Q8WXB1_METTL21A_U-2-OS_nuc_mt_er.jpg,20
33983_137834_37924-751-H10-1_Q9H668_OBFC1_U-251-MG_nuc_mt_er.jpg,21
30481_89383_41409-509-B6-1_Q6ZW76_ANKS3_U-251-MG_nuc_mt_er.jpg,21
15532_163859_51484-865-B10-1_Q6P996_PDXDC1_HEK-293_nuc_mt_er.jpg,6
443_134637_49578-732-E8-1_O75781_PALM_HEK-293_nuc_mt_er.jpg,6
19929_380858_29897-1511-F7-2_Q96A04_TSACC_HEK-293_nuc_mt_er.jpg,6
33816_305739_62661-1294-E4-2_Q9UL46_PSME2_Hep-G2_nuc_mt_er.jpg,10
36104_278158_67189-1263-H7-1_H3BRN8_C15orf65_SK-MEL-30_nuc_mt_er.jpg,18
2493_367895_73949-1434-C8-1_Q9H9P5_UNKL_PC-3_nuc_mt_er.jpg,13
17856_221387_17079-1126-D8-1_Q9Y6N5_SQRDL_A549_nuc_mt_er.jpg,1
29404_390368_69165-1534-E5-1_O75084_FZD7_BJ_nuc_mt_er.jpg,4
10400_150094_40534-806-E12-1_P13639_EEF2_HEK-293_nuc_mt_er.jpg,6
36636_459122_76041-1704-C5-22-cr57d840dae4383_Q9BXI6_TBC1D10A_MCF7_nuc_mt_er.jpg,11
35697_325394_61028-1335-E6-2_Q86XI8_C19orf68_SiHa_nuc_mt_er.jpg,19
30600_307687_52535-1309-G10-2_Q15819_UBE2V2_Hep-G2_nuc_mt_er.jpg,10
26719_489600_27802-1667-B12-1_P24385_CCND1_BJ_nuc_mt_er.jpg,4
14376_345898_36765-1396-H11-4_Q6NVV3_NIPAL1_RT4_nuc_mt_er.jpg,16
24870_547745_77882-1711-C2-5_P16383_GCFC2_SH-SY5Y_nuc_mt_er.jpg,17
14134_192079_57964-991-C5-1_Q9BS91_SLC35A5_A549_nuc_mt_er.jpg,1
10861_256707_57661-1210-C8-2_Q8N2N9_ANKRD36B_PC-3_nuc_mt_er.jpg,13
13646_117452_15227-623-A4-3_Q9BRK5_SDF4_A-431_nuc_mt_er.jpg,0
5874_247299_35701-1184-A7-2_Q5XG92_CES4A_SiHa_nuc_mt_er.jpg,19
38611_254460_62701-1194-E11-4_A6NDV4_TMEM8B_PC-3_nuc_mt_er.jpg,13
34191_326201_53696-1335-A2-1_Q8NEN0_ARMC2_SiHa_nuc_mt_er.jpg,19
37914_232081_10917-1144-C3-1_Q9NZC2_TREM2_Hep-G2_nuc_mt_er.jpg,10
15038_246929_1535-1183-A10-1_P38484_IFNGR2_SiHa_nuc_mt_er.jpg,19
33414_328353_42083-1339-H9-1_Q6ZS11_RINL_SiHa_nuc_mt_er.jpg,19
27589_189971_49051-979-B2-1_Q99966_CITED1_PC-3_nuc_mt_er.jpg,13
25051_389426_62096-1526-F5-3_P09086_POU2F2_CACO-2_nuc_mt_er.jpg,5
28236_146037_46737-788-D9-1_Q2M389_KIAA1033_HeLa_nuc_mt_er.jpg,9
36919_501836_76273-1744-B6-9-cr580c7ec2a8939_P43657_LPAR6_RT4_nuc_mt_er.jpg,16
21300_344889_35784-1392-B4-1__EPHB6_RT4_nuc_mt_er.jpg,16
10619_257185_67026-1213-A12-1_Q96K17_BTF3L4_SH-SY5Y_nuc_mt_er.jpg,17
31235_288836_62878-1291-D10-2_O60682_MSC_SK-MEL-30_nuc_mt_er.jpg,18
25142_267731_57547-1239-A12-1_Q96T23_RSF1_CACO-2_nuc_mt_er.jpg,5
27686_338113_72532-1385-G12-3_O95619_YEATS4_RT4_nuc_mt_er.jpg,16
21386_255168_9708-1207-C10-2_Q9UIW0_VAX2_MCF7_nuc_mt_er.jpg,11
1228_163682_54311-867-H6-1_Q9Y2H5_PLEKHA6_MCF7_nuc_mt_er.jpg,11
13509_219392_62232-1117-B10-2_Q8IVT2_MISP_A549_nuc_mt_er.jpg,1
8575_45267_28557-273-A3-1_O95661_DIRAS3_U-251-MG_nuc_mt_er.jpg,21
6598_190655_30224-985-E12-1_P40306_PSMB10_A549_nuc_mt_er.jpg,1
37381_382807_68227-1539-E6-1_P26447_S100A4_BJ_nuc_mt_er.jpg,4
37890_259150_8759-1222-D5-1_P05060_CHGB_SH-SY5Y_nuc_mt_er.jpg,17
15753_103704_45002-581-C6-1_C9JLR9_C11orf95_U-2-OS_nuc_mt_er.jpg,20
15501_213154_59515-1070-B12-1_P54284_CACNB3_MCF7_nuc_mt_er.jpg,11
1815_241425_63133-1170-F8-1_O95626_ANP32D_RH-30_nuc_mt_er.jpg,15
12359_368578_71459-1469-E11-1_Q96F07_CYFIP2_HEK-293_nuc_mt_er.jpg,6
24819_27387_18011-144-F5-1_P52756_RBM5_A-431_nuc_mt_er.jpg,0
7951_237119_61458-1143-B7-1_O60271_SPAG9_RH-30_nuc_mt_er.jpg,15
15950_333887_68859-1360-E7-1_Q92562_FIG4_SK-MEL-30_nuc_mt_er.jpg,18
28819_239864_57127-1165-C7-1_Q9UGI6_KCNN3_RH-30_nuc_mt_er.jpg,15
375_344837_49473-1396-C5-1_Q9H2C0_GAN_RT4_nuc_mt_er.jpg,16
1174_345404_64839-1392-A2-1_Q9P206_KIAA1522_RT4_nuc_mt_er.jpg,16
22796_352032_73074-1403-C4-1_Q5JVF3_PCID2_RH-30_nuc_mt_er.jpg,15
19004_42223_21590-234-F11-1__CDRT4_A-431_nuc_mt_er.jpg,16
25797_177475_9459-923-A5-1_O75419_CDC45_U-251-MG_nuc_mt_er.jpg,21
34405_234672_63731-1156-G4-1_O75179_ANKRD17_U-2-OS_nuc_mt_er.jpg,20
21647_446341_75363-1638-E2-1_Q9BYH8_NFKBIZ_SK-MEL-30_nuc_mt_er.jpg,18
12308_145945_47750-788-B12-1_P00739_HPR_HeLa_nuc_mt_er.jpg,9
4477_291324_62905-1273-E4-3_Q8TCX1_DYNC2LI1_HEK-293_nuc_mt_er.jpg,6
12700_359922_52511-1440-A9-1_Q9BSG5_RTBDN_PC-3_nuc_mt_er.jpg,13
20318_258699_49419-1216-H3-2_Q8N6D5_ANKRD29_PC-3_nuc_mt_er.jpg,13
30877_143214_47164-767-E11-1_Q8N9N5_BANP_MCF7_nuc_mt_er.jpg,11
17847_267681_62087-1261-G9-3_P10109_FDX1_CACO-2_nuc_mt_er.jpg,5
28406_394684_67988-1564-B12-1_O95343_SIX3_HEK-293_nuc_mt_er.jpg,6
35495_190984_53895-986-C12-1_O60356_NUPR1_PC-3_nuc_mt_er.jpg,13
9419_337420_71538-1371-E10-1_O14713_ITGB1BP1_SK-MEL-30_nuc_mt_er.jpg,18
12602_41372_25922-240-B12-1_P04844_RPN2_A-431_nuc_mt_er.jpg,0
15759_60820_30840-374-H8-1_Q6NX45_ZNF774_A-431_nuc_mt_er.jpg,0
22626_206365_36946-1036-D11-3_O14717_TRDMT1_HEK-293_nuc_mt_er.jpg,6
38112_155021_36933-814-C1-1_Q9P246_STIM2_A-431_nuc_mt_er.jpg,0
7630_274289_66532-1255-E9-3_Q9BTX7_TTPAL_CACO-2_nuc_mt_er.jpg,5
2707_303244_27530-1259-A5-1_Q16760_DGKD_CACO-2_nuc_mt_er.jpg,5
39027_407547_77850-1611-C9-1_Q0JRZ9_FCHO2_SiHa_nuc_mt_er.jpg,19
36017_259535_58899-1218-E3-1__ADAT3_PC-3_nuc_mt_er.jpg,13
21076_270619_61684-1220-F7-2_Q5VZ46_KIAA1614_SH-SY5Y_nuc_mt_er.jpg,17
18390_422490_60948-1593-D10-1_Q6PCE3_PGM2L1_AF22_nuc_mt_er.jpg,2
37420_23013_15955-127-C11-1_O60716_CTNND1_U-251-MG_nuc_mt_er.jpg,21
2280_167612_55592-881-G7-1_O94887_FARP2_HeLa_nuc_mt_er.jpg,9
11229_53803_30574-340-G8-1_Q8IYB5_SMAP1_U-251-MG_nuc_mt_er.jpg,21
8963_330062_73546-1349-A1-3_Q15796_SMAD2_MCF7_nuc_mt_er.jpg,11
9705_103034_45816-580-G6-1_Q96L92_SNX27_U-251-MG_nuc_mt_er.jpg,21
25040_299964_67932-1284-H11-1_Q6IBW4_NCAPH2_HEK-293_nuc_mt_er.jpg,6
24997_240947_61506-1168-D9-1_Q86UU1_PHLDB1_SiHa_nuc_mt_er.jpg,19
37039_401653_65212-1589-F7-1_Q8WZ75_ROBO4_PC-3_nuc_mt_er.jpg,13
32592_267761_59327-1239-G10-1_Q92802_N4BP2L2_CACO-2_nuc_mt_er.jpg,5
1767_519063_74192-1681-A3-3_Q13239_SLA_SH-SY5Y_nuc_mt_er.jpg,17
1721_132556_46368-716-G6-1_F8VTS6_RFPL4AL1_HEK-293_nuc_mt_er.jpg,6
20272_366464_60646-1450-D6-2_P78396_CCNA1_PC-3_nuc_mt_er.jpg,13
15479_261845_63759-1231-F9-1_P53367_ARFIP1_MCF7_nuc_mt_er.jpg,11
16953_341874_47958-1383-H11-2_Q96EN8_MOCOS_RT4_nuc_mt_er.jpg,16
30193_381094_38503-1509-C2-1_Q5VV17_OTUD1_SiHa_nuc_mt_er.jpg,19
24489_184225_48379-964-G5-1_P54274_TERF1_MCF7_nuc_mt_er.jpg,11
21127_133320_42485-723-E2-1_Q9ULX6_AKAP8L_MCF7_nuc_mt_er.jpg,11
15525_42015_27463-230-E3-1_O14976_GAK_U-251-MG_nuc_mt_er.jpg,21
31329_397196_63943-1573-A6-2_Q6IPW1_C11orf71_HaCaT_nuc_mt_er.jpg,8
26185_340692_71740-1382-B4-2_O95600_KLF8_RT4_nuc_mt_er.jpg,16
21355_262333_66043-1233-F10-3_Q99622_C12orf57_SH-SY5Y_nuc_mt_er.jpg,17
5347_90792_27453-508-C1-1_Q9NRP7_STK36_U-251-MG_nuc_mt_er.jpg,21
25655_167936_55179-883-B6-2_Q92754_TFAP2C_PC-3_nuc_mt_er.jpg,13
18732_433777_41690-1661-A3-2_P80404_ABAT_MCF7_nuc_mt_er.jpg,11
3301_401507_43083-1587-A6-4_Q9UP65_PLA2G4C_RH-30_nuc_mt_er.jpg,15
35709_392668_71715-1549-A12-2_Q86UT8_CCDC84_CACO-2_nuc_mt_er.jpg,5
14748_388134_38106-1537-D12-2_Q5VYJ5_MALRD1_Hep-G2_nuc_mt_er.jpg,10
39410_158218_36303-836-E10-2_P06213_INSR_A-431_nuc_mt_er.jpg,0
20972_357535_68807-1423-D2-1_P86452_ZBED6_RT4_nuc_mt_er.jpg,16
5008_382857_68217-1539-E4-1_Q13018_PLA2R1_BJ_nuc_mt_er.jpg,4
21121_407087_73626-1606-F12-1_Q9UQ88_CDK11A_SiHa_nuc_mt_er.jpg,19
35844_235849_51714-1150-H10-1_Q8N4P2_TTC30B_RH-30_nuc_mt_er.jpg,15
22574_256834_66169-1211-B9-3_Q1ED39_KNOP1_U-2-OS_nuc_mt_er.jpg,20
21817_270621_61695-1220-G7-1_Q96M60_FAM227B_SH-SY5Y_nuc_mt_er.jpg,17
1834_386519_66830-1527-C7-1_Q03468_ERCC6_BJ_nuc_mt_er.jpg,4
3948_407083_72371-1609-C1-1_Q9ULR5_PAIP2B_RH-30_nuc_mt_er.jpg,15
13367_235261_36089-1150-G12-1_Q9HBL0_TNS1_RH-30_nuc_mt_er.jpg,15
9230_354828_66290-1417-C3-2_Q9NQG5_RPRD1B_RH-30_nuc_mt_er.jpg,15
13697_149720_48980-804-D8-2_Q96HU1_SGSM3_HEK-293_nuc_mt_er.jpg,6
14327_356192_30138-1422-C5-1_Q96FL9_GALNT14_RT4_nuc_mt_er.jpg,16
25715_165295_54699-870-E5-2_P24278_ZBTB25_HeLa_nuc_mt_er.jpg,9
25076_355649_48899-1421-E9-1_P29374_ARID4A_RT4_nuc_mt_er.jpg,16
8709_221946_27188-1126-C5-1_Q9NR00_C8orf4_A549_nuc_mt_er.jpg,1
33035_72401_41169-429-B4-1_Q8TD43_TRPM4_U-251-MG_nuc_mt_er.jpg,21
36772_433716_55146-1676-C10-2_P09326_CD48_REH_nuc_mt_er.jpg,14
22808_267240_64882-1254-C3-1_A0AVK6_E2F8_CACO-2_nuc_mt_er.jpg,5
21548_205911_38796-1042-B11-1_Q8TF01_PNISR_HEK-293_nuc_mt_er.jpg,6
21264_152142_53510-819-F10-1_Q6PJT7_ZC3H14_U-251-MG_nuc_mt_er.jpg,21
26167_259319_64712-1223-F10-1_P28370_SMARCA1_SH-SY5Y_nuc_mt_er.jpg,17
35766_239518_63236-1164-C10-1_O15360_FANCA_SiHa_nuc_mt_er.jpg,19
2964_174913_56492-919-G10-1_O95721_SNAP29_A-431_nuc_mt_er.jpg,0
6846_524726_77864-1750-F6-8-cr57fb84a2a56ce_A6NCW3_FAM231B_ASC-TERT1_nuc_mt_er.jpg,3
21594_235265_35354-1150-F12-1_Q99728_BARD1_RH-30_nuc_mt_er.jpg,15
36323_326081_58768-1331-G6-1_B1AL88_FAM155A_BJ_nuc_mt_er.jpg,4
26773_325687_68833-1332-A12-1_O14519_CDK2AP1_BJ_nuc_mt_er.jpg,4
938_354867_71067-1417-D2-1_Q15256_PTPRR_RH-30_nuc_mt_er.jpg,15
23195_68696_36431-412-H6-1_Q9Y485_DMXL1_U-2-OS_nuc_mt_er.jpg,20
32296_273370_39396-1253-F9-1_Q9NZ81_PRR13_CACO-2_nuc_mt_er.jpg,5
15640_476644_539-1723-E2-22-cr57ea9956b129c_Q04695_KRT17_SiHa_nuc_mt_er.jpg,19
20857_142803_46838-763-H3-1_P34947_GRK5_Hep-G2_nuc_mt_er.jpg,10
20397_22695_16815-161-E9-1_Q9HC78_ZBTB20_U-2-OS_nuc_mt_er.jpg,20
1193_524269_36723-1751-G1-7-cr57fd220c70be0_P28906_CD34_HUVEC-TERT2_nuc_mt_er.jpg,7
15841_391371_42029-1510-D4-3_Q8IYT4_KATNAL2_SH-SY5Y_nuc_mt_er.jpg,17
4734_237923_45820-1162-H2-4_Q86V25_VASH2_RH-30_nuc_mt_er.jpg,15
2062_69516_30899-416-B1-1_P48357_LEPR_U-251-MG_nuc_mt_er.jpg,21
29395_267062_65946-1254-H10-1_Q7Z3K6_MIER3_CACO-2_nuc_mt_er.jpg,5
4102_274190_46428-1220-C7-6_P19429_TNNI3_SH-SY5Y_nuc_mt_er.jpg,17
5354_109837_26574-609-A3-1_P41743_PRKCI_A-431_nuc_mt_er.jpg,0
39564_34106_20266-242-G10-1_Q8NHV1_GIMAP7_A-431_nuc_mt_er.jpg,0
34023_207205_37814-1046-C9-1_O00534_VWA5A_HeLa_nuc_mt_er.jpg,9
36338_357559_67880-1423-C1-1_Q2VPB7_AP5B1_RT4_nuc_mt_er.jpg,16
12455_217233_61426-1102-H6-2_Q14697_GANAB_U-2-OS_nuc_mt_er.jpg,20
26384_360089_71835-1440-G5-4_O95402_MED26_PC-3_nuc_mt_er.jpg,13
37524_393340_74790-1562-A3-1_O43556_SGCE_U-2-OS_nuc_mt_er.jpg,20
16595_367389_30473-1466-A10-3_Q7Z4G4_TRMT11_HEK-293_nuc_mt_er.jpg,6
2382_47373_26294-284-C9-2_P24723_PRKCH_U-251-MG_nuc_mt_er.jpg,21
7777_341961_48969-1383-H7-1_P48378_RFX2_RT4_nuc_mt_er.jpg,16
21610_69003_40252-416-B10-1_Q5T8P6_RBM26_U-251-MG_nuc_mt_er.jpg,21
9633_333757_66708-1361-C12-1_Q8IXQ6_PARP9_SK-MEL-30_nuc_mt_er.jpg,18
33474_59798_35225-372-E3-1_O95045_UPP2_U-251-MG_nuc_mt_er.jpg,21
28857_213798_58641-1061-D7-1_O00470_MEIS1_HeLa_nuc_mt_er.jpg,9
32880_182967_54906-958-F10-1_Q7Z5J4_RAI1_MCF7_nuc_mt_er.jpg,11
39583_338241_70485-1373-A12-1_A2A2V5_SERTM1_SH-SY5Y_nuc_mt_er.jpg,17
26575_397822_59056-1576-E9-1_Q8NE35_CPEB3_HaCaT_nuc_mt_er.jpg,8
33523_376100_69306-1492-C7-1_P35251_RFC1_RH-30_nuc_mt_er.jpg,15
19781_168394_55706-881-E12-4_Q9UM63_PLAGL1_HeLa_nuc_mt_er.jpg,9
5494_472419_38746-1669-A8-1_Q96FC7_PHYHIPL_SH-SY5Y_nuc_mt_er.jpg,17
16573_161823_47253-852-G7-5_A6NKL6_TMEM200C_PC-3_nuc_mt_er.jpg,13
31945_202778_59675-1039-C11-2_Q8TAQ5_ZNF420_HEK-293_nuc_mt_er.jpg,6
39078_441910_69790-1652-G9-3_P12821_ACE_SH-SY5Y_nuc_mt_er.jpg,17
206_223088_41551-1128-F7-1_Q9NPB6_PARD6A_A549_nuc_mt_er.jpg,1
24575_374845_71790-1486-C11-1_Q6ZUU3_FOXL2NB_SiHa_nuc_mt_er.jpg,19
625_410824_75946-1610-A4-1_Q9Y2D8_SSX2IP_RH-30_nuc_mt_er.jpg,15
16320_148769_43640-754-E12-3_Q13885_TUBB2A_U-251-MG_nuc_mt_er.jpg,21
30288_356470_48321-1423-B9-1_P05771_PRKCB_RT4_nuc_mt_er.jpg,16
31348_278812_63965-1273-D9-2_P31274_HOXC9_HEK-293_nuc_mt_er.jpg,6
4077_132044_32116-714-C2-1_Q9NQX4_MYO5C_MCF7_nuc_mt_er.jpg,11
6296_49217_27935-301-C3-1_Q96BJ3_AIDA_U-251-MG_nuc_mt_er.jpg,4
10276_18084_12949-102-H2-1_Q96EZ4_MYEOV_U-251-MG_nuc_mt_er.jpg,21
3346_137654_50294-749-G5-1_Q13442_PDAP1_MCF7_nuc_mt_er.jpg,11
12655_155815_41332-830-C3-1_P20042_EIF2S2_U-2-OS_nuc_mt_er.jpg,20
37969_15020_8216-91-E6-1_Q15437_SEC23B_U-2-OS_nuc_mt_er.jpg,20
38267_344945_2967-1396-A1-1_Q12912_LRMP_RT4_nuc_mt_er.jpg,16
2740_440915_6567-1657-A6-1_Q05469_LIPE_SH-SY5Y_nuc_mt_er.jpg,17
29367_60176_35287-376-H9-1_Q96FX2_DPH3_U-2-OS_nuc_mt_er.jpg,20
29668_382136_56971-1512-C1-1_Q8NHS1_CLDND2_HEK-293_nuc_mt_er.jpg,6
8514_25347_15270-165-B4-1_Q13043_STK4_U-251-MG_nuc_mt_er.jpg,21
26589_205022_24578-1033-D2-2_Q13617_CUL2_PC-3_nuc_mt_er.jpg,13
19970_210075_52057-1039-D1-1_Q96MU6_ZNF778_HEK-293_nuc_mt_er.jpg,6
22373_205533_56424-1050-A3-3_Q9NQ29_LUC7L_HeLa_nuc_mt_er.jpg,9
37199_367304_74653-1466-F12-2_Q96FE5_LINGO1_HEK-293_nuc_mt_er.jpg,6
15419_50429_29292-323-A11-1_Q9Y287_ITM2B_U-251-MG_nuc_mt_er.jpg,21
13854_205487_56283-1050-E2-2_Q9BQQ3_GORASP1_HeLa_nuc_mt_er.jpg,9
22250_249016_61842-1192-D5-4_O95751_LDOC1_PC-3_nuc_mt_er.jpg,13
26877_138121_49532-753-D11-1_P19484_TFEB_Hep-G2_nuc_mt_er.jpg,10
6975_151347_49793-807-B5-1_P04114_APOB_CACO-2_nuc_mt_er.jpg,5
21623_544085_55234-1712-D12-9-cr5804a2f3a5814_Q9UJW3_DNMT3L_SiHa_nuc_mt_er.jpg,19
21515_540502_72380-1711-E10-1_O75679_RFPL3_SH-SY5Y_nuc_mt_er.jpg,17
12710_344835_49409-1396-B5-2_Q8WXG1_RSAD2_RT4_nuc_mt_er.jpg,16
4964_389732_67156-1547-D4-1_Q9H361_PABPC3_A-431_nuc_mt_er.jpg,0
11057_326566_63903-1332-H6-3_Q7Z5R6_APBB1IP_BJ_nuc_mt_er.jpg,4
25349_407834_77719-1606-E5-1_P19784_CSNK2A2_SiHa_nuc_mt_er.jpg,19
2594_27218_17375-173-G5-1_Q96G74_OTUD5_A-431_nuc_mt_er.jpg,0
13698_184169_48980-964-D8-1_Q96HU1_SGSM3_MCF7_nuc_mt_er.jpg,11
22071_475260_9650-1666-E1-32_P08133_ANXA6_RH-30_nuc_mt_er.jpg,15
28527_72635_38701-431-H11-1_Q96AX1_VPS33A_U-251-MG_nuc_mt_er.jpg,21
14881_522296_36445-1752-E7-8-cr5804ec4f59f26_O60239_SH3BP5_HUVEC-TERT2_nuc_mt_er.jpg,7
35229_146260_52870-787-C11-1_Q96H22_CENPN_HeLa_nuc_mt_er.jpg,9
17067_132927_50377-721-F12-1_Q9BXK5_BCL2L13_MCF7_nuc_mt_er.jpg,11
9575_32602_20083-185-F10-1_Q9NP80_PNPLA8_U-2-OS_nuc_mt_er.jpg,20
8445_378497_65931-1494-B12-3_P43487_RANBP1_RH-30_nuc_mt_er.jpg,15
314_185788_56814-962-D9-1_Q8WUD4_CCDC12_MCF7_nuc_mt_er.jpg,11
28061_47350_20880-284-C3-2_Q92785_DPF2_U-251-MG_nuc_mt_er.jpg,21
35940_446571_77364-1611-H10-5_P05204_HMGN2_SiHa_nuc_mt_er.jpg,19
32450_274186_46373-1220-B7-5_C9JH25_PRRT4_SH-SY5Y_nuc_mt_er.jpg,17
16940_343197_64714-1393-D11-3_Q8WWI5_SLC44A1_RT4_nuc_mt_er.jpg,16
21964_381792_72290-1512-G11-1_Q6DJT9_PLAG1_HEK-293_nuc_mt_er.jpg,6
8032_333074_46986-1368-F8-1_O15374_SLC16A4_BJ_nuc_mt_er.jpg,4
15291_30656_2490-207-C1-1_P21926_CD9_A-431_nuc_mt_er.jpg,0
18849_357041_54807-1423-E7-1_P21397_MAOA_RT4_nuc_mt_er.jpg,16
10415_254882_64699-1202-C4-4_Q8TCT0_CERK_SH-SY5Y_nuc_mt_er.jpg,17
1870_468637_73147-1668-D2-1_P51861_CDR1_SH-SY5Y_nuc_mt_er.jpg,17
37881_377866_27098-1502-G3-1_P22303_ACHE_MCF7_nuc_mt_er.jpg,11
39682_385061_66717-1503-G2-2_Q6PIL6_KCNIP4_MCF7_nuc_mt_er.jpg,11
19372_192697_29561-990-F1-1_O14732_IMPA2_A549_nuc_mt_er.jpg,1
5633_500234_48062-1677-A2-1_Q7RTR2_NLRC3_REH_nuc_mt_er.jpg,14
10762_327759_72836-1350-H5-2_Q96FW1_OTUB1_U-2-OS_nuc_mt_er.jpg,20
28491_94031_44615-530-D2-1_Q9BQ15_NABP2_U-2-OS_nuc_mt_er.jpg,20
13885_60611_34497-377-F10-1_Q9HB20_PLEKHA3_U-2-OS_nuc_mt_er.jpg,20
6498_383928_68758-1516-B9-1_Q86V86_PIM3_SK-MEL-30_nuc_mt_er.jpg,18
35584_241775_62502-1169-C7-2_Q7Z6I8_C5orf24_SiHa_nuc_mt_er.jpg,19
32979_398214_3875-1579-E5-1_P49459_UBE2A_PC-3_nuc_mt_er.jpg,13
29988_242914_61178-1163-H3-1_Q8N488_RYBP_SiHa_nuc_mt_er.jpg,19
15096_394028_58217-1558-D8-1_Q9H6Q3_SLA2_Hep-G2_nuc_mt_er.jpg,10
7602_164804_54246-870-D9-1_P50570_DNM2_HeLa_nuc_mt_er.jpg,9
39978_364189_65311-1446-G9-3_Q8TAD7_C12orf75_BJ_nuc_mt_er.jpg,4
18617_190649_23187-985-G12-2_Q9BUB7_TMEM70_A549_nuc_mt_er.jpg,1
28682_213382_61646-1080-H5-1_O60885_BRD4_MCF7_nuc_mt_er.jpg,11
21763_388023_18211-1536-B3-1_Q9P217_ZSWIM5_Hep-G2_nuc_mt_er.jpg,10
38921_384815_35113-1517-F2-1_Q9NP78_ABCB9_SK-MEL-30_nuc_mt_er.jpg,18
28410_60236_35365-376-F6-1_Q9UK59_DBR1_U-2-OS_nuc_mt_er.jpg,20
10315_151337_38467-807-C6-2_Q5H9R7_PPP6R3_CACO-2_nuc_mt_er.jpg,5
29152_75252_38543-445-H7-1_Q9H892_TTC12_U-251-MG_nuc_mt_er.jpg,21
33669_47579_29958-297-C3-1_Q9UHK0_NUFIP1_U-2-OS_nuc_mt_er.jpg,20
6384_427279_52819-1595-H1-1_Q6V0I7_FAT4_AF22_nuc_mt_er.jpg,2
27814_375222_62423-1483-A9-1_O75081_CBFA2T3_MCF7_nuc_mt_er.jpg,11
24456_239991_11281-1150-C3-2_Q86XX4_FRAS1_RH-30_nuc_mt_er.jpg,15
10948_383549_64521-1518-H7-2_P31751_AKT2_RT4_nuc_mt_er.jpg,16
13811_401827_64243-1591-G8-2_Q86SF2_GALNT7_HaCaT_nuc_mt_er.jpg,8
7868_236901_64403-1152-E9-1_P53618_COPB1_RH-30_nuc_mt_er.jpg,15
28239_208598_56783-1044-A10-1_Q8NDN9_RCBTB1_HeLa_nuc_mt_er.jpg,9
20292_53170_28974-334-E9-1_Q96K75_ZNF514_A-431_nuc_mt_er.jpg,0
19095_432467_60019-1661-C10-2_Q15649_ZNHIT3_MCF7_nuc_mt_er.jpg,11
8274_145933_46710-792-D12-1_P26640_VARS_U-251-MG_nuc_mt_er.jpg,21
8131_240353_26486-1161-H6-2_Q14168_MPP2_RH-30_nuc_mt_er.jpg,15
4709_2988_6077-17-D8-1_P49189_ALDH9A1_U-2-OS_nuc_mt_er.jpg,20
39259_145952_49053-788-A11-1_Q96DX7_TRIM44_HeLa_nuc_mt_er.jpg,9
2597_305534_66549-1294-E6-2_Q14642_INPP5A_Hep-G2_nuc_mt_er.jpg,10
15782_273668_67357-1283-B7-1__EPPK1_HeLa_nuc_mt_er.jpg,9
2754_441388_10744-1657-B6-1_Q9UPX0_IGSF9B_SH-SY5Y_nuc_mt_er.jpg,17
12731_234942_63387-1151-D10-1_Q5BKT4_ALG10_RH-30_nuc_mt_er.jpg,15
36669_221959_19650-1126-E5-2_P27216_ANXA13_A549_nuc_mt_er.jpg,1
1233_398423_74472-1582-F10-1_O75712_GJB3_HaCaT_nuc_mt_er.jpg,8
15840_315298_42029-1310-G4-1_Q8IYT4_KATNAL2_A549_nuc_mt_er.jpg,1
2542_79652_43365-465-D4-1_Q9NX61_TMEM161A_U-2-OS_nuc_mt_er.jpg,20
22351_185237_53448-965-B4-1_Q8WY91_THAP4_MCF7_nuc_mt_er.jpg,11
28865_54127_29321-340-F1-1_O75643_SNRNP200_U-251-MG_nuc_mt_er.jpg,21
35300_335151_59475-1372-C12-2_Q3SY77_UGT3A2_SH-SY5Y_nuc_mt_er.jpg,17
33629_267102_65419-1254-A9-1_Q9Y3Q0_NAALAD2_CACO-2_nuc_mt_er.jpg,5
20172_407220_41484-1608-C11-1_Q9ULG1_INO80_HaCaT_nuc_mt_er.jpg,8
3954_433941_45783-1635-F1-2_Q9NZB8_MOCS1_CACO-2_nuc_mt_er.jpg,5
21180_192086_57980-991-F5-1_Q15024_EXOSC7_A549_nuc_mt_er.jpg,1
39239_342337_4162-1386-C8-1_Q9Y467_SALL2_RT4_nuc_mt_er.jpg,16
32560_476757_76190-1719-D2-9-cr580497a7f1f51_Q9Y5I4_PCDHAC2_A549_nuc_mt_er.jpg,1
20573_416785_30901-1645-D4-3-cr57bed70384593_O15394_NCAM2_HeLa_nuc_mt_er.jpg,9
24577_327008_53554-1343-H5-1_A4D126_ISPD_HaCaT_nuc_mt_er.jpg,8
40007_432308_29183-1680-C10-1__CCDC169_SH-SY5Y_nuc_mt_er.jpg,17
9054_332781_49148-1363-E4-2_Q92782_DPF1_MCF7_nuc_mt_er.jpg,11
30994_324249_67892-1318-A6-2_P16615_ATP2A2_A549_nuc_mt_er.jpg,1
16401_33201_20357-189-C11-1_Q86UF1_TSPAN33_U-251-MG_nuc_mt_er.jpg,21
17783_274259_66899-1255-E10-1_O60486_PLXNC1_CACO-2_nuc_mt_er.jpg,5
38071_289134_937-1291-B1-1_P17643_TYRP1_SK-MEL-30_nuc_mt_er.jpg,18
19166_250292_39878-1198-G2-1_Q9P013_CWC15_PC-3_nuc_mt_er.jpg,13
20206_188805_50641-978-G11-2_Q8IXH7_NELFCD_PC-3_nuc_mt_er.jpg,13
35247_74640_38949-442-D12-1_Q96DN6_MBD6_U-2-OS_nuc_mt_er.jpg,20
29097_278139_63694-1258-H2-1_Q15528_MED22_CACO-2_nuc_mt_er.jpg,5
24517_505262_58649-1656-E2-1_Q8N5X7_EIF4E3_SH-SY5Y_nuc_mt_er.jpg,17
12859_400980_14620-1585-H1-1_Q5TGY1_TMCO4_RH-30_nuc_mt_er.jpg,15
16751_249817_61997-1169-B3-8_Q7LBR1_CHMP1B_SiHa_nuc_mt_er.jpg,19
33832_286281_47850-1291-D11-1_Q96CA5_BIRC7_SK-MEL-30_nuc_mt_er.jpg,18
24508_163414_47629-864-H11-1_Q9BW30_TPPP3_A549_nuc_mt_er.jpg,1
9531_387571_68819-1503-D11-6_Q969T9_WBP2_MCF7_nuc_mt_er.jpg,11
1421_381715_38585-1509-F2-4_Q9BRQ4_C11orf70_SiHa_nuc_mt_er.jpg,19
7066_143229_46572-767-F10-1_Q07020_RPL18_MCF7_nuc_mt_er.jpg,11
12683_340108_69960-1382-G12-1_Q00765_REEP5_RT4_nuc_mt_er.jpg,16
38763_312953_27505-1320-B11-1_P20930_FLG_HaCaT_nuc_mt_er.jpg,8
4943_71457_39415-425-B12-1_Q8N6V9_TEX9_A-431_nuc_mt_er.jpg,0
6999_354449_57242-1421-D12-1_Q14247_CTTN_RT4_nuc_mt_er.jpg,16
34790_201230_54808-1036-G5-1_Q8IW92_GLB1L2_HEK-293_nuc_mt_er.jpg,6
30834_335182_60247-1372-C11-2_Q86TJ5_ZNF554_SH-SY5Y_nuc_mt_er.jpg,17
17811_354772_66953-1417-E5-2_Q96TA2_YME1L1_RH-30_nuc_mt_er.jpg,15
35795_318618_50769-1314-F2-1_Q5JTZ5_C9orf152_HaCaT_nuc_mt_er.jpg,8
15823_200809_53182-1028-C3-1_Q9HAT8_PELI2_CACO-2_nuc_mt_er.jpg,5
31136_530594_50317-1749-A4-13-cr5804b79bd009d_Q8ND94_LRRN4CL_ASC-TERT1_nuc_mt_er.jpg,3
32192_89948_42788-510-H4-1_P00414_MT_U-251-MG_nuc_mt_er.jpg,21
19869_354524_68108-1411-H3-4_Q8IW93_ARHGEF19_HeLa_nuc_mt_er.jpg,9
927_46608_27916-274-F4-2_Q16890_TPD52L1_A-431_nuc_mt_er.jpg,0
24425_259056_41365-1222-H8-1_Q9NZR1_TMOD2_SH-SY5Y_nuc_mt_er.jpg,17
18002_370149_34950-1466-E2-3_Q149N8_SHPRH_HEK-293_nuc_mt_er.jpg,6
6953_374832_71863-1486-A11-1_P08048_ZFY_SiHa_nuc_mt_er.jpg,19
35472_380834_47872-1511-C7-1_Q6ZNH5_ZNF497_HEK-293_nuc_mt_er.jpg,6
37659_239721_19204-1161-B10-1_O95772_STARD3NL_RH-30_nuc_mt_er.jpg,15
24089_220301_60036-1117-E1-1_P48552_NRIP1_A549_nuc_mt_er.jpg,1
39850_277864_62673-1282-H7-2_Q6H3X3_RAET1G_HeLa_nuc_mt_er.jpg,9
25107_39523_25959-258-E4-1_Q9NQC1_JADE2_U-251-MG_nuc_mt_er.jpg,21
46_328641_72838-1348-G5-3_O00151_PDLIM1_HeLa_nuc_mt_er.jpg,9
7933_239727_18803-1161-A10-2_P17661_DES_RH-30_nuc_mt_er.jpg,15
26108_142809_47470-763-F2-1_Q9BYT1_SLC17A9_Hep-G2_nuc_mt_er.jpg,10
35420_242055_62015-1169-G3-1_Q9UPP1_PHF8_SiHa_nuc_mt_er.jpg,19
18706_334618_66861-1374-C7-1_A6NEQ2_FAM181B_SH-SY5Y_nuc_mt_er.jpg,17
36198_257695_41945-1203-F1-1_P61006_RAB8A_PC-3_nuc_mt_er.jpg,13
21506_540564_48320-1711-H9-1_O75678_RFPL2_SH-SY5Y_nuc_mt_er.jpg,17
38024_530809_24730-1743-D4-18-cr57ff7949228ac_P57768_SNX16_BJ_nuc_mt_er.jpg,4
27342_342542_24318-1386-H2-1_Q8TBC5_ZSCAN18_RT4_nuc_mt_er.jpg,16
19959_359152_6145-1424-B12-1_Q9NYT6_ZNF226_RT4_nuc_mt_er.jpg,16
13787_113473_3791-624-H5-2_Q03135_CAV1_A-431_nuc_mt_er.jpg,0
5304_242814_62739-1170-H5-4_Q68BL8_OLFML2B_RH-30_nuc_mt_er.jpg,15
20722_137102_49426-732-E3-4_Q9NXE4_SMPD4_HEK-293_nuc_mt_er.jpg,6
20723_133484_49426-722-E3-1_Q9NXE4_SMPD4_MCF7_nuc_mt_er.jpg,11
262_35541_21536-246-B7-1_Q9Y2L9_LRCH1_U-251-MG_nuc_mt_er.jpg,21
23280_144516_46346-784-G11-1_Q8IVF6_ANKRD18A_HeLa_nuc_mt_er.jpg,9
24667_426852_45244-1658-H1-1_P19105_MYL12A_BJ_nuc_mt_er.jpg,4
1944_267392_29735-1261-B12-1_Q01094_E2F1_CACO-2_nuc_mt_er.jpg,5
30950_164115_54978-869-B8-1_Q96AH0_NABP1_HeLa_nuc_mt_er.jpg,9
31062_218951_62210-1113-B7-1_Q96G79_SLC35A4_A549_nuc_mt_er.jpg,1
19565_318462_63652-1320-C1-1_Q9NS37_CREBZF_HaCaT_nuc_mt_er.jpg,8
39649_52599_31562-332-E2-1_Q6ZWB6_KCTD8_U-2-OS_nuc_mt_er.jpg,20
20502_186188_57114-973-A3-1_O14893_GEMIN2_A-431_nuc_mt_er.jpg,0
25959_340458_48536-1375-C3-1_P20472_PVALB_RT4_nuc_mt_er.jpg,16
12196_249277_63163-1194-H9-4_Q5T0D9_TPRG1L_PC-3_nuc_mt_er.jpg,13
7446_40467_27956-255-E11-1_P22681_CBL_U-251-MG_nuc_mt_er.jpg,21
27308_135995_29938-738-B5-1_P18146_EGR1_U-2-OS_nuc_mt_er.jpg,20
13382_396101_54460-1544-E9-5_Q9P104_DOK5_BJ_nuc_mt_er.jpg,4
24102_156261_52824-831-B6-1_Q6UX34_C2orf82_U-2-OS_nuc_mt_er.jpg,20
8608_219372_59729-1117-H11-3_Q9UK76_HN1_A549_nuc_mt_er.jpg,1
35085_163669_54324-867-E6-1_Q9BWG6_SCNM1_MCF7_nuc_mt_er.jpg,11
26476_229791_23196-1139-E4-1_Q6ZN55_ZNF574_A549_nuc_mt_er.jpg,1
13219_326608_15534-1332-D2-1_Q70SY1_CREB3L2_BJ_nuc_mt_er.jpg,4
4055_10159_10634-49-F9-1_Q12933_TRAF2_U-251-MG_nuc_mt_er.jpg,21
32202_132479_48671-716-D7-1_Q5QNW6_HIST2H2BF_HEK-293_nuc_mt_er.jpg,6
16408_146482_52129-787-D2-1_O75095_MEGF6_HeLa_nuc_mt_er.jpg,9
31083_258806_66539-1217-A2-1_Q9UJX6_ANAPC2_MCF7_nuc_mt_er.jpg,11
36800_433464_70332-1680-B10-3_Q9UQF2_MAPK8IP1_SH-SY5Y_nuc_mt_er.jpg,17
14706_359136_53509-1424-F11-1_Q6ZMC9_SIGLEC15_RT4_nuc_mt_er.jpg,16
33190_327496_70682-1324-E2-1_O14981_BTAF1_HaCaT_nuc_mt_er.jpg,8
23015_336761_51064-1364-B11-1_Q5JYT7_KIAA1755_SK-MEL-30_nuc_mt_er.jpg,18
14716_414195_15480-1612-G1-1_P05120_SERPINB2_BJ_nuc_mt_er.jpg,4
36083_433625_69694-1661-H6-1_P85298_ARHGAP8_MCF7_nuc_mt_er.jpg,11
27657_406976_57051-1609-G2-4_P22794_EVI2A_RH-30_nuc_mt_er.jpg,15
18104_52479_31824-330-B10-1_Q5VUM1_SDHAF4_U-251-MG_nuc_mt_er.jpg,21
19354_258528_36753-1216-D9-2_Q86WA6_BPHL_PC-3_nuc_mt_er.jpg,13
5309_117698_26139-646-C6-1_Q6BAA4_FCRLB_U-251-MG_nuc_mt_er.jpg,21
30136_387089_70326-1519-A2-1_Q9H814_PHAX_CACO-2_nuc_mt_er.jpg,5
1123_51208_30213-327-E9-1_P55196_MLLT4_U-251-MG_nuc_mt_er.jpg,21
31082_490540_66539-1707-B4-4-cr57eaad012e6c6_Q9UJX6_ANAPC2_HaCaT_nuc_mt_er.jpg,8
10947_308263_64521-1304-E6-3_P31751_AKT2_A549_nuc_mt_er.jpg,1
13392_268557_26868-1239-B9-4_Q5J8M3_EMC4_CACO-2_nuc_mt_er.jpg,5
32220_189765_38129-984-G12-1_O60269_GPRIN2_A549_nuc_mt_er.jpg,1
29233_543306_71298-1696-F1-1_Q9HCS4_TCF7L1_SH-SY5Y_nuc_mt_er.jpg,17
29765_242524_62242-1163-B6-1_Q8NI29_FBXO27_SiHa_nuc_mt_er.jpg,19
37625_402500_2237-1596-C7-1_O14792_HS3ST1_RT4_nuc_mt_er.jpg,16
21021_318573_31847-1314-B4-2_P15313_ATP6V1B1_HaCaT_nuc_mt_er.jpg,8
29343_58600_28791-364-H1-2_Q06546_GABPA_U-251-MG_nuc_mt_er.jpg,21
28478_305403_55753-1301-F3-1_P02458_COL2A1_Hep-G2_nuc_mt_er.jpg,10
5126_176333_9575-921-B6-1_O95067_CCNB2_A-431_nuc_mt_er.jpg,0
26989_367181_67818-1450-E2-4_O95196_CSPG5_PC-3_nuc_mt_er.jpg,13
18918_75587_38462-443-E1-1_P55771_PAX9_U-2-OS_nuc_mt_er.jpg,20
6503_402253_25729-1591-B1-2_Q7Z6K4_NRARP_HaCaT_nuc_mt_er.jpg,8
22534_205436_55677-1026-H7-1_Q9NQT4_EXOSC5_CACO-2_nuc_mt_er.jpg,5
20232_44612_27612-290-E11-2_Q02363_ID2_A-431_nuc_mt_er.jpg,0
4965_341523_67156-1385-B9-1_Q9H361_PABPC3_RT4_nuc_mt_er.jpg,16
15319_399311_71581-1576-H10-4_Q9UIK4_DAPK2_HaCaT_nuc_mt_er.jpg,8
30839_384756_58276-1517-E4-1_O14901_KLF11_SK-MEL-30_nuc_mt_er.jpg,18
14039_349104_11191-1404-F3-1_Q99988_GDF15_Hep-G2_nuc_mt_er.jpg,10
34675_200879_53311-1028-D1-1_O14880_MGST3_CACO-2_nuc_mt_er.jpg,5
39116_324984_68394-1335-E10-2_Q8N4S7_PAQR4_SiHa_nuc_mt_er.jpg,19
5717_192731_5337-990-A1-1_P78560_CRADD_A549_nuc_mt_er.jpg,1
25318_273193_60922-1251-D9-1_Q14997_PSME4_CACO-2_nuc_mt_er.jpg,5
24062_383882_71903-1516-A10-3_Q8N0T1_C8orf59_SK-MEL-30_nuc_mt_er.jpg,18
2231_523980_51482-1752-E4-3-cr5804e016b4d5f_Q3ZCQ2_ANXA2R_HUVEC-TERT2_nuc_mt_er.jpg,7
9199_188670_50628-977-F9-2_Q9UNZ2_NSFL1C_PC-3_nuc_mt_er.jpg,13
577_340634_71091-1382-C5-3_Q8TBB1_LNX1_RT4_nuc_mt_er.jpg,16
31661_411171_55980-1595-E10-1_Q03052_POU3F1_AF22_nuc_mt_er.jpg,2
34415_273199_60994-1251-F9-2_P38935_IGHMBP2_CACO-2_nuc_mt_er.jpg,5
5278_267060_68286-1254-A12-1_P60842_EIF4A1_CACO-2_nuc_mt_er.jpg,5
38616_387633_11343-1524-F7-1_Q9NP62_GCM1_CACO-2_nuc_mt_er.jpg,5
20741_240163_62236-1171-H7-2_Q14739_LBR_RH-30_nuc_mt_er.jpg,15
38194_154705_52206-790-F10-3_Q92734_TFG_U-251-MG_nuc_mt_er.jpg,21
3251_402078_71867-1589-G3-2_Q6ZSZ5_ARHGEF18_PC-3_nuc_mt_er.jpg,13
12632_356203_65643-1422-C4-2_Q53FV1_ORMDL2_RT4_nuc_mt_er.jpg,16
33012_394561_3875-1566-D11-1_P63146_UBE2B_A549_nuc_mt_er.jpg,1
19899_344328_61035-1392-C8-2_P10828_THRB_RT4_nuc_mt_er.jpg,16
27635_343707_72136-1385-F3-1_Q99873_PRMT1_RT4_nuc_mt_er.jpg,16
15673_104759_14674-587-G7-2_Q6ZT89_SLC25A48_U-251-MG_nuc_mt_er.jpg,21
35972_258871_66718-1217-B3-3_Q9Y333_LSM2_MCF7_nuc_mt_er.jpg,11
13092_388823_73392-1541-C11-1_Q9H3C7_GGNBP2_RT4_nuc_mt_er.jpg,16
1760_354891_72007-1412-H1-1_Q9Y3X0_CCDC9_MCF7_nuc_mt_er.jpg,11
23388_360882_63386-1442-F4-1_A6NHJ4_ZNF860_PC-3_nuc_mt_er.jpg,13
34064_329904_70695-1339-C6-1_Q99715_COL12A1_SiHa_nuc_mt_er.jpg,19
2322_100359_38313-566-H10-2_Q9P1Z2_CALCOCO1_U-2-OS_nuc_mt_er.jpg,20
16077_439567_76524-1676-H9-2_Q12873_CHD3_REH_nuc_mt_er.jpg,14
39342_559868_54556-1735-F8-1_O15165_LDLRAD4_SH-SY5Y_nuc_mt_er.jpg,17
39011_432536_76660-1680-A5-5_Q9ULH4_LRFN2_SH-SY5Y_nuc_mt_er.jpg,17
35487_373424_40020-1484-B5-1_Q9BRP4_PAAF1_SK-MEL-30_nuc_mt_er.jpg,18
10903_352675_68265-1410-A10-1__AKR1C3_Hep-G2_nuc_mt_er.jpg,10
33222_528980_24230-1749-F8-18-cr5804bfedf20fe_Q9BXN1_ASPN_ASC-TERT1_nuc_mt_er.jpg,3
15095_393160_58217-1549-D3-1_Q9H6Q3_SLA2_CACO-2_nuc_mt_er.jpg,5
6373_189266_44769-979-E11-1_Q8IYD1_GSPT2_PC-3_nuc_mt_er.jpg,13
7559_9090_7641-45-B5-1_P16591_FER_A-431_nuc_mt_er.jpg,0
35827_104418_40035-584-E7-1_Q99549_MPHOSPH8_U-251-MG_nuc_mt_er.jpg,21
28533_195457_58979-1009-G5-1_Q13619_CUL4A_U-251-MG_nuc_mt_er.jpg,21
462_76121_36149-450-E3-1_Q7RTR8_TAS2R42_U-251-MG_nuc_mt_er.jpg,21
7217_380398_71089-1503-G12-1_P46459_NSF_MCF7_nuc_mt_er.jpg,11
32593_214326_59327-1061-E6-2_Q92802_N4BP2L2_HeLa_nuc_mt_er.jpg,9
13959_411039_38305-1612-G11-1__ITIH5_BJ_nuc_mt_er.jpg,4
10951_325283_69240-1324-G9-4_Q9BQ89_FAM110A_HaCaT_nuc_mt_er.jpg,8
24562_384781_45652-1517-B3-1_Q5MJ09_SPANXN3_SK-MEL-30_nuc_mt_er.jpg,18
5632_526744_48062-1714-G2-1_Q7RTR2_NLRC3_NB-4_nuc_mt_er.jpg,12
40079_466006_77264-1700-A3-3-cr57eb9dd29eaa1_A6NNY8_USP27X_CACO-2_nuc_mt_er.jpg,5
33438_373460_31963-1484-G5-1_Q12772_SREBF2_SK-MEL-30_nuc_mt_er.jpg,18
2361_163966_53049-865-E4-1_Q8TDY2_RB1CC1_HEK-293_nuc_mt_er.jpg,6
13023_273704_65393-1283-B6-1_Q14031_COL4A6_HeLa_nuc_mt_er.jpg,9
25067_164127_54965-869-H7-1_Q7L2Z9_CENPQ_HeLa_nuc_mt_er.jpg,9
3165_315307_30619-1310-G7-1_Q14894_CRYM_A549_nuc_mt_er.jpg,1
32074_209790_55018-1026-B11-5_Q96SK3_ZNF607_CACO-2_nuc_mt_er.jpg,5
28014_12125_3363-78-B7-1_Q9H4M3_FBXO44_A-431_nuc_mt_er.jpg,0
14708_289479_7663-1291-B4-2_Q9H1V8_SLC6A17_SK-MEL-30_nuc_mt_er.jpg,18
1634_164885_48233-871-H9-1_O75382_TRIM3_HeLa_nuc_mt_er.jpg,9
21336_200507_55035-1027-B6-3_Q14139_UBE4A_CACO-2_nuc_mt_er.jpg,5
32451_195023_46373-1006-B3-3_C9JH25_PRRT4_U-2-OS_nuc_mt_er.jpg,16
881_200333_12163-1032-D6-1_Q86YD3_TMEM25_CACO-2_nuc_mt_er.jpg,5
22171_407087_73626-1606-F12-1__CDK11B_SiHa_nuc_mt_er.jpg,19
19921_204397_56470-1054-C5-1_Q9NRY4_ARHGAP35_HeLa_nuc_mt_er.jpg,9
15140_411284_40242-1611-G3-1_O95199_RCBTB2_SiHa_nuc_mt_er.jpg,19
30930_167660_55344-881-A7-1_Q9Y251_HPSE_HeLa_nuc_mt_er.jpg,9
35544_256351_58548-1203-A11-2_Q9H063_MAF1_PC-3_nuc_mt_er.jpg,13
26639_229707_63616-1139-D7-1_P51452_DUSP3_A549_nuc_mt_er.jpg,1
20120_277095_19502-1293-C5-1_P25815_S100P_Hep-G2_nuc_mt_er.jpg,10
22265_258122_64316-1213-C4-2_Q14CW9_ATXN7L3_SH-SY5Y_nuc_mt_er.jpg,17
34805_255076_63205-1202-A5-4_Q9BW71_HIRIP3_SH-SY5Y_nuc_mt_er.jpg,17
18813_332703_36841-1368-E11-3_Q6NUI2_GPAT2_BJ_nuc_mt_er.jpg,4
32481_241576_63683-1178-E10-1_P0DME0_SETSIP_SiHa_nuc_mt_er.jpg,19
39812_354253_23157-1416-F8-1_Q9P2J8_ZNF624_RH-30_nuc_mt_er.jpg,15
15060_214659_52722-1028-E7-6_Q08AI8_C2orf54_CACO-2_nuc_mt_er.jpg,5
35028_132571_48465-716-H5-1_Q8NFT6_DBF4B_HEK-293_nuc_mt_er.jpg,6
38558_342742_545-1381-B2-1_Q16612_NREP_SH-SY5Y_nuc_mt_er.jpg,17
3907_46232_23180-281-B2-1_Q9H0M0_WWP1_U-251-MG_nuc_mt_er.jpg,21
17426_36151_26528-213-G2-1_Q6PI48_DARS2_A-431_nuc_mt_er.jpg,0
29674_163492_41843-864-A8-1_Q8N9M1_C19orf47_A549_nuc_mt_er.jpg,1
36274_395653_72208-1544-A12-7_O76011_KRT34_BJ_nuc_mt_er.jpg,4
20690_468670_66432-1668-C2-1_Q14714_SSPN_SH-SY5Y_nuc_mt_er.jpg,17
32596_388118_52734-1537-G12-1_P49715_CEBPA_Hep-G2_nuc_mt_er.jpg,10
3930_461305_44860-1700-E6-1-cr57ed01f7d151c_Q9ULA0_DNPEP_CACO-2_nuc_mt_er.jpg,5
30273_138241_46796-753-E6-1_P78524_ST5_Hep-G2_nuc_mt_er.jpg,10
19878_376266_47195-1492-B4-2_Q5VU65_NUP210L_RH-30_nuc_mt_er.jpg,15
29643_259252_20975-1222-C4-1_A6NK53_ZNF233_SH-SY5Y_nuc_mt_er.jpg,17
25178_324320_64443-1318-D4-1_Q9H1Y3_OPN3_A549_nuc_mt_er.jpg,1
31805_94799_20259-535-C4-1_Q8WX92_NELFB_U-251-MG_nuc_mt_er.jpg,21
37483_153907_53694-820-C6-1_Q9H3M7_TXNIP_U-251-MG_nuc_mt_er.jpg,21
5637_327120_71802-1343-H2-5_O75355_ENTPD3_HaCaT_nuc_mt_er.jpg,8
28400_168430_53247-882-D3-1_Q53G44_IFI44L_PC-3_nuc_mt_er.jpg,13
4624_212860_41522-1057-A4-1_Q9ULX3_NOB1_U-2-OS_nuc_mt_er.jpg,20
7856_277346_28115-1293-G1-1_Q9HCE6_ARHGEF10L_Hep-G2_nuc_mt_er.jpg,10
35489_229763_23605-1139-D5-3_Q9C0C9_UBE2O_A549_nuc_mt_er.jpg,1
28218_289148_12867-1291-F1-1_P41595_HTR2B_SK-MEL-30_nuc_mt_er.jpg,18
1673_134957_39149-732-H1-1_O95757_HSPA4L_HEK-293_nuc_mt_er.jpg,6
12768_40136_26888-259-F9-1_Q6PIU2_NCEH1_A-431_nuc_mt_er.jpg,0
1100_239505_63535-1164-G10-2_P35221_CTNNA1_SiHa_nuc_mt_er.jpg,19
23924_338554_37516-1364-C2-1_Q96PN8_TSSK3_SK-MEL-30_nuc_mt_er.jpg,18
25610_275717_39710-1281-B4-2_Q9Y2W2_WBP11_HEK-293_nuc_mt_er.jpg,6
32702_343826_45246-1391-B9-1_Q5VT79_ANXA8L1_RT4_nuc_mt_er.jpg,16
14312_305243_60518-1294-D8-1_P51690_ARSE_Hep-G2_nuc_mt_er.jpg,10
678_356416_51395-1423-D11-3_O60487_MPZL2_RT4_nuc_mt_er.jpg,16
17343_200710_29716-1032-F1-1_P51649_ALDH5A1_CACO-2_nuc_mt_er.jpg,5
20100_469495_45265-1652-B5-2_Q9BWW7_SCRT1_SH-SY5Y_nuc_mt_er.jpg,17
38572_381809_69636-1512-E10-1_Q16671_AMHR2_HEK-293_nuc_mt_er.jpg,6
27432_231655_61717-1135-F6-1_O15164_TRIM24_Hep-G2_nuc_mt_er.jpg,10
1904_410951_76274-1607-E8-1_P11362_FGFR1_U-2-OS_nuc_mt_er.jpg,20
14533_324252_65603-1318-A5-2_Q9NYZ1_TVP23B_A549_nuc_mt_er.jpg,1
39238_214224_4162-1042-F5-2_Q9Y467_SALL2_HEK-293_nuc_mt_er.jpg,6
36617_206490_38105-1041-D5-1_O95255_ABCC6_CACO-2_nuc_mt_er.jpg,5
17289_258621_39620-1216-D5-3_Q96CU9_FOXRED1_PC-3_nuc_mt_er.jpg,13
34238_214024_35234-1070-H3-1_Q5FWF4_ZRANB3_MCF7_nuc_mt_er.jpg,11
39313_382322_39328-1522-C9-2_Q5BJH7_YIF1B_U-2-OS_nuc_mt_er.jpg,4
18818_12473_3302-71-F1-1_P62256_UBE2H_U-251-MG_nuc_mt_er.jpg,21
24480_359693_46086-1433-D1-1_Q569K4_ZNF385B_PC-3_nuc_mt_er.jpg,13
34935_347648_72785-1403-H11-1_Q8WUU5_GATAD1_RH-30_nuc_mt_er.jpg,15
2803_61695_30981-389-H5-1_Q8NDL9_AGBL5_A-431_nuc_mt_er.jpg,0
31531_384665_54566-1517-D8-2_Q8NDV1_ST6GALNAC3_SK-MEL-30_nuc_mt_er.jpg,18
866_305327_28076-1301-F6-1_P11171_EPB41_Hep-G2_nuc_mt_er.jpg,10
25031_344762_38975-1396-C7-1_Q9H4E7_DEF6_RT4_nuc_mt_er.jpg,16
38457_278286_65539-1263-D3-2_P02649_APOE_SK-MEL-30_nuc_mt_er.jpg,18
24944_339395_53292-1334-C5-3_Q96GD3_SCMH1_Hep-G2_nuc_mt_er.jpg,10
36044_235869_51811-1145-E2-1_A1L1A6_IGSF23_Hep-G2_nuc_mt_er.jpg,10
29350_203202_30906-1040-G7-1_Q9UNA0_ADAMTS5_HEK-293_nuc_mt_er.jpg,6
15676_30782_1374-171-D8-1_Q6NSI4_CXorf57_U-2-OS_nuc_mt_er.jpg,20
3855_247360_26904-1183-G4-2_Q9H1C3_GLT8D2_SiHa_nuc_mt_er.jpg,19
5_277918_63840-1283-D5-1_Q9UPQ0_LIMCH1_HeLa_nuc_mt_er.jpg,9
5962_242940_58827-1163-A4-3_Q9NQ35_NRIP3_SiHa_nuc_mt_er.jpg,19
4687_85519_41928-489-A2-1_Q9NVM1_EVA1B_A-431_nuc_mt_er.jpg,0
31154_396818_70963-1572-F3-2_O95376_ARIH2_PC-3_nuc_mt_er.jpg,13
21556_42027_26995-230-E9-1_Q9Y244_POMP_U-251-MG_nuc_mt_er.jpg,21
1853_339956_46404-1377-A6-1_Q86VB7_CD163_U-2-OS_nuc_mt_er.jpg,20
8536_398064_66567-1578-H3-6_P12755_SKI_HEK-293_nuc_mt_er.jpg,6
28814_376697_75041-1486-C4-1_O43781_DYRK3_SiHa_nuc_mt_er.jpg,19
26220_257832_41470-1208-B3-3_Q7L5L3_GDPD3_MCF7_nuc_mt_er.jpg,11
19906_145838_51411-786-C4-1_Q96F81_DISP1_HeLa_nuc_mt_er.jpg,9
5550_191371_51515-986-H5-1_P52849_NDST2_PC-3_nuc_mt_er.jpg,13
29733_233210_62245-1148-G5-1_Q96RE7_NACC1_MCF7_nuc_mt_er.jpg,11
11962_402486_1079-1596-A7-1_O95502_NPTXR_RT4_nuc_mt_er.jpg,16
36925_329933_1380-1339-D1-1_P55290_CDH13_SiHa_nuc_mt_er.jpg,19
21513_544030_48320-1712-B12-14-cr5804a7b6268fd_O75679_RFPL3_SiHa_nuc_mt_er.jpg,19
4845_205814_56837-1050-C6-6_Q9H7D0_DOCK5_HeLa_nuc_mt_er.jpg,9
14720_335794_21139-1372-F7-2_Q8TAF7_ZNF461_SH-SY5Y_nuc_mt_er.jpg,17
23956_143556_44504-767-E3-3_Q9NV06_DCAF13_MCF7_nuc_mt_er.jpg,11
1979_357765_74512-1437-C8-1_O43711_TLX3_U-2-OS_nuc_mt_er.jpg,20
25167_140009_42764-759-A7-1_Q96J01_THOC3_U-2-OS_nuc_mt_er.jpg,20
581_221993_26556-1126-H4-2_Q12864_CDH17_A549_nuc_mt_er.jpg,1
21268_151417_47106-807-C2-1_O94906_PRPF6_CACO-2_nuc_mt_er.jpg,5
22736_9146_7413-45-D9-1_Q9P2K3_RCOR3_A-431_nuc_mt_er.jpg,0
6614_135126_49495-735-G7-1_B5ME19_EIF3CL_U-2-OS_nuc_mt_er.jpg,20
29982_151069_28998-807-C10-1_P11168_SLC2A2_CACO-2_nuc_mt_er.jpg,5
1299_71598_39402-426-F7-2_O43303_CCP110_U-251-MG_nuc_mt_er.jpg,21
623_444970_35283-1635-H4-31_Q8TEW8_PARD3B_CACO-2_nuc_mt_er.jpg,5
10258_333373_71310-1360-G8-3_Q9NVV9_THAP1_SK-MEL-30_nuc_mt_er.jpg,18
24298_286074_21007-1272-E7-1_O75817_POP7_HEK-293_nuc_mt_er.jpg,6
19276_353526_63771-1414-D12-2_Q07973_CYP24A1_Hep-G2_nuc_mt_er.jpg,10
17509_357335_74383-1433-G7-1_Q9NZ45_CISD1_PC-3_nuc_mt_er.jpg,13
29622_203668_21371-1034-G3-1_Q86XD5_FAM131B_PC-3_nuc_mt_er.jpg,13
39638_336181_68790-1374-E3-3_Q9BXQ6_CECR6_SH-SY5Y_nuc_mt_er.jpg,17
30488_273650_65705-1283-F8-1_Q8N584_TTC39C_HeLa_nuc_mt_er.jpg,9
26429_208652_9083-1044-D7-1_Q9UMF0_ICAM5_HeLa_nuc_mt_er.jpg,9
1920_379148_4715-1494-D1-1_O00139_KIF2A_RH-30_nuc_mt_er.jpg,15
24048_212919_39037-1060-H2-1_Q9BUQ8_DDX23_HeLa_nuc_mt_er.jpg,9
15381_189377_42265-979-F8-1_Q9NZ53_PODXL2_PC-3_nuc_mt_er.jpg,13
7452_199766_38736-1027-F9-3_Q15327_ANKRD1_CACO-2_nuc_mt_er.jpg,5
33594_380527_5727-1509-H9-2_Q15645_TRIP13_SiHa_nuc_mt_er.jpg,19
31075_277336_3545-1293-C1-2_P18283_GPX2_Hep-G2_nuc_mt_er.jpg,10
83_192744_22901-990-C2-1_Q6WCQ1_MPRIP_A549_nuc_mt_er.jpg,1
4357_363527_71014-1441-C3-2_Q9Y4E8_USP15_PC-3_nuc_mt_er.jpg,13
5041_1746_6564-10-A2-1_P17252_PRKCA_U-2-OS_nuc_mt_er.jpg,20
19944_206469_54443-1041-F6-1_Q5VUD6_FAM69B_CACO-2_nuc_mt_er.jpg,5
33420_244636_65996-1185-G10-1_Q68EN5_KIAA0895L_PC-3_nuc_mt_er.jpg,13
16669_41323_27045-231-H2-1_Q6GQQ9_OTUD7B_A-431_nuc_mt_er.jpg,0
14691_142793_48649-763-E3-2_Q9NUD7_C20orf96_Hep-G2_nuc_mt_er.jpg,10
32522_383869_74340-1516-H11-2_Q3KRA9_ALKBH6_SK-MEL-30_nuc_mt_er.jpg,18
25004_28497_1154-169-D1-1_P51948_MNAT1_U-251-MG_nuc_mt_er.jpg,21
13040_381731_7643-1509-E10-7_P47755_CAPZA2_SiHa_nuc_mt_er.jpg,19
26537_160888_48554-858-B10-1_Q6UWL2_SUSD1_A549_nuc_mt_er.jpg,1
33308_259811_64323-1223-D7-1_P14859_POU2F1_SH-SY5Y_nuc_mt_er.jpg,17
19514_260393_63889-1223-H4-2_Q92833_JARID2_SH-SY5Y_nuc_mt_er.jpg,17
24147_459627_22915-1704-D3-17-cr57d832fa6c6bc_Q8N5I2_ARRDC1_MCF7_nuc_mt_er.jpg,11
9868_449875_42389-1663-F4-1_Q9NPI1_BRD7_Hep-G2_nuc_mt_er.jpg,10
31148_300211_67381-1284-F6-1_O95376_ARIH2_HEK-293_nuc_mt_er.jpg,6
9418_390622_71538-1533-C10-3_O14713_ITGB1BP1_BJ_nuc_mt_er.jpg,4
28956_265351_30973-1162-D8-5_O15049_N4BP3_RH-30_nuc_mt_er.jpg,15
33238_325263_70341-1324-H10-1_Q9ULK4_MED23_HaCaT_nuc_mt_er.jpg,8
20139_75798_37871-437-C1-3_Q9NQ89_C12orf4_A-431_nuc_mt_er.jpg,0
30370_422466_6607-1623-E1-1_Q99811_PRRX2_PC-3_nuc_mt_er.jpg,13
5117_426857_51432-1658-G1-1_P50281_MMP14_BJ_nuc_mt_er.jpg,4
11177_293487_68284-1277-D10-1_P13929_ENO3_HeLa_nuc_mt_er.jpg,9
37993_205845_9160-1026-F3-4_Q9NV92_NDFIP2_CACO-2_nuc_mt_er.jpg,5
31851_343800_36959-1396-A12-1_O43295_SRGAP3_RT4_nuc_mt_er.jpg,16
12910_525554_12720-1752-C1-2-cr5804bfa7d57a4_P23284_PPIB_HUVEC-TERT2_nuc_mt_er.jpg,7
12010_427089_58904-1595-B3-1_O43903_GAS2_AF22_nuc_mt_er.jpg,2
20451_150303_52106-806-G10-1_A8MQB3_C17orf51_HEK-293_nuc_mt_er.jpg,6
35253_3489_8038-20-A5-1_Q9NYV4_CDK12_U-2-OS_nuc_mt_er.jpg,20
1420_224033_38585-1125-B7-2_Q9BRQ4_C11orf70_A549_nuc_mt_er.jpg,1
34798_141770_43837-762-F4-1_P60510_PPP4C_Hep-G2_nuc_mt_er.jpg,10
32937_257310_66234-1213-E6-1_Q6W2J9_BCOR_SH-SY5Y_nuc_mt_er.jpg,17
21612_133295_39228-723-C3-1_Q9H3U1_UNC45A_MCF7_nuc_mt_er.jpg,11
16954_379530_47958-1495-H5-1_Q96EN8_MOCOS_SiHa_nuc_mt_er.jpg,19
24527_231742_53794-1144-A9-2_Q8WXS4_TMEM37_Hep-G2_nuc_mt_er.jpg,10
628_433951_69214-1635-H1-1_Q0VF96_CGNL1_CACO-2_nuc_mt_er.jpg,5
31120_161990_48089-858-H4-3_P37837_TALDO1_A549_nuc_mt_er.jpg,1
38541_326138_66368-1324-F6-2_Q93097_WNT2B_HaCaT_nuc_mt_er.jpg,8
1887_279244_48148-1269-D1-1_Q6ZU35_KIAA1211_SK-MEL-30_nuc_mt_er.jpg,18
1659_34299_23383-192-G11-1_Q8TCF1_ZFAND1_U-251-MG_nuc_mt_er.jpg,21
17257_240431_58232-1171-E2-3_Q9NVV4_MTPAP_RH-30_nuc_mt_er.jpg,15
3027_376377_41489-1493-H8-4_Q9C026_TRIM9_RH-30_nuc_mt_er.jpg,15
16228_241223_53997-1128-A6-12_Q9BYD5_CNFN_A549_nuc_mt_er.jpg,1
16084_239183_59552-1171-B11-1_Q9ULI2_RIMKLB_RH-30_nuc_mt_er.jpg,15
1130_308309_70175-1304-E5-4_O96013_PAK4_A549_nuc_mt_er.jpg,1
16611_242561_61835-1163-H5-1_P17020_ZNF16_SiHa_nuc_mt_er.jpg,19
22015_145498_35405-786-F12-1_Q9NVD3_SETD4_HeLa_nuc_mt_er.jpg,9
21318_132128_47047-715-B8-1_O43143_DHX15_HEK-293_nuc_mt_er.jpg,6
18183_230360_29885-1142-G7-2_Q7Z7H8_MRPL10_Hep-G2_nuc_mt_er.jpg,10
39101_336141_70252-1374-E4-1_Q8NBV4_PLPP7_SH-SY5Y_nuc_mt_er.jpg,17
19530_342103_53915-1386-F12-4_Q13268_DHRS2_RT4_nuc_mt_er.jpg,16
7424_168756_53803-868-B1-1_P62906_RPL10A_MCF7_nuc_mt_er.jpg,11
33478_84966_41752-489-E11-1_Q96RY5_CRAMP1_A-431_nuc_mt_er.jpg,0
23145_354897_68262-1412-C2-1_Q9UJW9_SERTAD3_MCF7_nuc_mt_er.jpg,11
16039_540449_67497-1696-H4-4_Q5M8T2_SLC35D3_SH-SY5Y_nuc_mt_er.jpg,17
10546_134641_49880-732-C8-1_Q9HCM7_FBRSL1_HEK-293_nuc_mt_er.jpg,6
15956_398039_69774-1578-E3-1_Q8N1A0_KRT222_HEK-293_nuc_mt_er.jpg,6
16707_342058_1140-1383-D2-1_P07998_RNASE1_RT4_nuc_mt_er.jpg,16
18297_382108_39077-1512-D2-1_Q96T66_NMNAT3_HEK-293_nuc_mt_er.jpg,6
17648_199850_36232-1027-G7-3_O96008_TOMM40_CACO-2_nuc_mt_er.jpg,5
11271_333846_30620-1356-H2-1_Q8IWB6_TEX14_MCF7_nuc_mt_er.jpg,11
29575_348691_3757-1401-D6-1_Q9Y5B6_PAXBP1_RH-30_nuc_mt_er.jpg,15
2651_256227_22913-1207-B8-1_Q6P1M3_LLGL2_MCF7_nuc_mt_er.jpg,11
5010_134589_47943-732-D10-1_P29558_RBMS1_HEK-293_nuc_mt_er.jpg,6
13491_249541_64220-1194-G3-1_Q9UGP4_LIMD1_PC-3_nuc_mt_er.jpg,13
1950_317300_52367-1320-B7-3_Q7Z591_AKNA_HaCaT_nuc_mt_er.jpg,8
25209_145355_48513-791-G7-2_Q8IX12_CCAR1_U-251-MG_nuc_mt_er.jpg,21
17887_86910_40481-493-F1-1_O94923_GLCE_U-2-OS_nuc_mt_er.jpg,20
6141_221341_17584-1126-A10-1_Q7LFX5_CHST15_A549_nuc_mt_er.jpg,1
38394_477122_54554-1717-C5-9-cr57f50f542822f_Q9H190_SDCBP2_A-431_nuc_mt_er.jpg,0
15084_259913_3317-1219-E8-2_P39880_CUX1_SH-SY5Y_nuc_mt_er.jpg,17
38959_147965_28888-785-H11-5_P98082_DAB2_HeLa_nuc_mt_er.jpg,9
9851_291340_63472-1273-D5-1_Q9Y5J3_HEY1_HEK-293_nuc_mt_er.jpg,6
9722_427080_7919-1595-B1-1_A1KZ92_PXDNL_AF22_nuc_mt_er.jpg,2
19551_351273_61383-1402-C3-1_Q13203_MYBPH_RH-30_nuc_mt_er.jpg,15
35690_270959_6678-1220-C3-1_P59923_ZNF445_SH-SY5Y_nuc_mt_er.jpg,17
23822_201248_54363-1036-F3-1_O00488_ZNF593_HEK-293_nuc_mt_er.jpg,6
652_398591_60660-1582-H2-2_Q6SA08_TSSK4_HaCaT_nuc_mt_er.jpg,8
17339_61152_32022-378-G3-1_Q9Y2C2_UST_A-431_nuc_mt_er.jpg,0
28037_146297_52294-787-B8-1_Q86Y97_SUV420H2_HeLa_nuc_mt_er.jpg,9
13044_7560_724-40-C1-1_Q27J81_INF2_U-251-MG_nuc_mt_er.jpg,21
13872_388185_58011-1537-B10-1_Q9NP58_ABCB6_Hep-G2_nuc_mt_er.jpg,10
34503_240327_26558-1161-C7-2_Q96L96_ALPK3_RH-30_nuc_mt_er.jpg,15
39122_397408_11397-1573-C2-1_P56705_WNT4_HaCaT_nuc_mt_er.jpg,8
31578_519018_59112-1687-C1-1_Q86SE5_RALYL_AF22_nuc_mt_er.jpg,2
21901_171090_48786-900-F12-1_Q8N0W5_IQCK_A-431_nuc_mt_er.jpg,0
14300_266848_64827-1262-G12-1_Q7Z449_CYP2U1_SK-MEL-30_nuc_mt_er.jpg,18
29855_279874_60724-1282-E4-3_Q09028_RBBP4_HeLa_nuc_mt_er.jpg,9
26399_394700_71709-1566-A7-1_O94763_URI1_A549_nuc_mt_er.jpg,1
28947_341882_59919-1383-F10-1_Q96JP0_FEM1C_RT4_nuc_mt_er.jpg,16
39374_37819_24830-218-H7-1_Q8NFW1_COL22A1_U-251-MG_nuc_mt_er.jpg,21
21102_393711_67564-1560-E2-1_P0DJD0_RGPD1_RT4_nuc_mt_er.jpg,16
27442_342618_56035-1391-C12-1_Q9C0J9_BHLHE41_RT4_nuc_mt_er.jpg,16
27869_272744_63157-1265-H2-2_Q9NQX6_ZNF331_HEK-293_nuc_mt_er.jpg,6
28386_326778_68831-1343-E8-2_Q02241_KIF23_HaCaT_nuc_mt_er.jpg,8
1113_256235_61786-1210-D10-2_O14908_GIPC1_PC-3_nuc_mt_er.jpg,13
37395_73661_38350-435-A4-1_Q66K14_TBC1D9B_A-431_nuc_mt_er.jpg,0
33624_68021_36608-410-C2-1_Q5HYJ3_FAM76B_U-2-OS_nuc_mt_er.jpg,20
33741_24048_16699-132-F10-1_P45973_CBX5_U-2-OS_nuc_mt_er.jpg,20
35722_353500_66745-1410-D1-2_Q86VR7_VSIG10L_Hep-G2_nuc_mt_er.jpg,10
1303_312675_70944-1304-D1-2_Q96QG7_MTMR9_A549_nuc_mt_er.jpg,1
34021_243190_37813-1177-F6-1_O00534_VWA5A_RH-30_nuc_mt_er.jpg,15
16613_323695_67903-1318-F9-1_Q9ULD2_MTUS1_A549_nuc_mt_er.jpg,1
39836_239185_59590-1171-C11-1_Q92581_SLC9A6_RH-30_nuc_mt_er.jpg,15
6836_495171_23105-1718-C1-13-cr57f3c9a543e01__MYO15B_A549_nuc_mt_er.jpg,1
17121_153728_52348-823-D7-1_Q9NQG1_MANBAL_CACO-2_nuc_mt_er.jpg,5
5234_189095_48464-978-C4-2_Q7Z7L7_ZER1_PC-3_nuc_mt_er.jpg,13
2903_6124_2828-33-G10-1_O43396_TXNL1_A-431_nuc_mt_er.jpg,0
19160_200775_51143-1028-H5-1_Q2NKX9_C2orf68_CACO-2_nuc_mt_er.jpg,5
31200_275077_28419-1281-E12-1_Q9NPF5_DMAP1_HEK-293_nuc_mt_er.jpg,6
27277_36778_27175-214-E11-1_Q96GX5_MASTL_U-2-OS_nuc_mt_er.jpg,20
26584_351279_61169-1402-B3-2_Q9H4W6_EBF3_RH-30_nuc_mt_er.jpg,15
30665_388173_66381-1537-G10-1_P51991_HNRNPA3_Hep-G2_nuc_mt_er.jpg,10
37650_85495_40796-488-C1-1_Q9Y228_TRAF3IP3_A-431_nuc_mt_er.jpg,0
16160_184596_28053-966-G6-1_Q96EV8_DTNBP1_U-2-OS_nuc_mt_er.jpg,20
9691_28069_19154-157-B7-1_Q13485_SMAD4_U-2-OS_nuc_mt_er.jpg,20
27405_508171_70310-1723-C10-31_P54278_PMS2_SiHa_nuc_mt_er.jpg,19
16556_167932_43684-882-G9-1_Q13748_TUBA3C_PC-3_nuc_mt_er.jpg,13
14332_368228_53529-1472-A6-2_Q9H6D3_XKR8_HEK-293_nuc_mt_er.jpg,6
37875_342040_49831-1383-G3-1_Q13614_MTMR2_RT4_nuc_mt_er.jpg,16
37176_401693_62122-1587-F4-1_O95810_SDPR_RH-30_nuc_mt_er.jpg,15
7293_168398_55878-881-D12-1_P46782_RPS5_HeLa_nuc_mt_er.jpg,9
23711_158214_46080-837-E4-1_Q9P021_CRIPT_A-431_nuc_mt_er.jpg,0
21707_376301_36835-1492-E3-1_Q14669_TRIP12_RH-30_nuc_mt_er.jpg,15
12471_262548_63921-1232-G9-1_O00767_SCD_MCF7_nuc_mt_er.jpg,11
73_200626_17742-1032-E5-1_P20711_DDC_CACO-2_nuc_mt_er.jpg,5
10443_222115_29635-1129-B11-1_P20618_PSMB1_MCF7_nuc_mt_er.jpg,11
37566_169861_46590-871-B6-3__SGK494_HeLa_nuc_mt_er.jpg,9
26250_220254_59647-1117-B2-1_Q9NWW0_HCFC1R1_A549_nuc_mt_er.jpg,1
23265_168671_55549-878-H6-1_Q15050_RRS1_A549_nuc_mt_er.jpg,1
30932_394367_39551-1558-B3-1_Q8N8X9_MAB21L3_Hep-G2_nuc_mt_er.jpg,10
22643_233166_62628-1148-B7-1_Q8IY81_FTSJ3_MCF7_nuc_mt_er.jpg,11
19494_333422_63685-1356-A11-1_P17023_ZNF19_MCF7_nuc_mt_er.jpg,11
17724_318415_64657-1320-D3-1_Q8NEG4_FAM83F_HaCaT_nuc_mt_er.jpg,8
21864_200072_51454-1028-C9-1_Q86X10_RALGAPB_CACO-2_nuc_mt_er.jpg,5
32704_343897_47451-1391-F6-1_Q5VT79_ANXA8L1_RT4_nuc_mt_er.jpg,16
25013_368827_40624-1470-A10-1_O60306_AQR_A549_nuc_mt_er.jpg,1
20194_410332_75929-1606-D4-2_P98153_DGCR2_SiHa_nuc_mt_er.jpg,19
2310_206125_41779-1042-E9-3_Q9BT04_FUZ_HEK-293_nuc_mt_er.jpg,6
36788_380976_42550-1509-A5-5_O60437_PPL_SiHa_nuc_mt_er.jpg,19
24001_391246_65719-1510-H8-1_O75461_E2F6_SH-SY5Y_nuc_mt_er.jpg,17
14811_318481_64559-1320-B8-3__ABC7_HaCaT_nuc_mt_er.jpg,8
30276_242089_61391-1169-A1-1_Q9NQ31_AKIP1_SiHa_nuc_mt_er.jpg,19
25039_274735_67932-1255-A3-2_Q6IBW4_NCAPH2_CACO-2_nuc_mt_er.jpg,5
32324_41718_21429-235-A11-1_Q9H0X6_RNF208_U-2-OS_nuc_mt_er.jpg,20
39346_135370_49208-736-H3-2_Q5F1R6_DNAJC21_U-2-OS_nuc_mt_er.jpg,20
19573_17931_13434-102-B10-1_Q6P995_FAM171B_U-251-MG_nuc_mt_er.jpg,21
17321_231650_61517-1135-D6-3_Q9H6R3_ACSS3_Hep-G2_nuc_mt_er.jpg,10
9877_4645_1861-26-A4-1_P42226_STAT6_U-2-OS_nuc_mt_er.jpg,20
7578_88983_29671-505-G5-3_Q05397_PTK2_U-2-OS_nuc_mt_er.jpg,20
14325_145286_51400-781-H4-1_O15258_RER1_U-2-OS_nuc_mt_er.jpg,20
20586_156568_40755-840-C12-1_Q96IC2_AC004381-6_MCF7_nuc_mt_er.jpg,11
13797_259824_61287-1223-H7-3_Q02410_APBA1_SH-SY5Y_nuc_mt_er.jpg,17
13380_545129_75017-1712-G8-3-cr5804f04feb540_O95907_SLC16A8_SiHa_nuc_mt_er.jpg,19
1156_383582_40656-1518-A6-1_Q13555_CAMK2G_RT4_nuc_mt_er.jpg,16
22369_240375_30139-1161-A6-2_Q8N6Y2_LRRC17_RH-30_nuc_mt_er.jpg,15
32477_384915_28457-1520-A12-1_Q9BR61_ACBD6_CACO-2_nuc_mt_er.jpg,5
6043_167504_54754-875-B3-5_A0PJX4_SHISA3_U-2-OS_nuc_mt_er.jpg,20
27237_275348_63643-1220-B8-7_O94864_SUPT7L_SH-SY5Y_nuc_mt_er.jpg,17
37458_379314_72921-1501-H5-2_Q9NPC1_LTB4R2_A549_nuc_mt_er.jpg,1
698_359092_43458-1424-H8-2_Q8IY42_C4orf19_RT4_nuc_mt_er.jpg,16
14673_133276_50992-722-F10-1_Q9NZC7_WWOX_MCF7_nuc_mt_er.jpg,11
33029_152619_50329-822-E7-1_O75182_SIN3B_U-251-MG_nuc_mt_er.jpg,21
32738_397782_63464-1576-B10-1_Q8WW18_C17orf50_HaCaT_nuc_mt_er.jpg,8
7010_263712_63568-1232-B4-2_Q9UKR5_C14orf1_MCF7_nuc_mt_er.jpg,11
38634_326918_65273-1339-B11-1_Q5T0N5_FNBP1L_SiHa_nuc_mt_er.jpg,19
9164_356143_14179-1422-B7-3_Q9BS40_LXN_RT4_nuc_mt_er.jpg,16
38226_205507_56246-1050-F3-2_Q8N3C7_CLIP4_HeLa_nuc_mt_er.jpg,9
20951_328552_66184-1339-F8-2_Q5VWG9_TAF3_SiHa_nuc_mt_er.jpg,19
20442_387408_59745-1527-F1-1_Q6ZV50_RFX8_BJ_nuc_mt_er.jpg,4
1971_389226_38640-1541-B1-1_Q8N9Z9_LMNTD1_RT4_nuc_mt_er.jpg,16
13218_233425_30646-1147-F1-3_P53609_PGGT1B_MCF7_nuc_mt_er.jpg,11
17723_278264_64657-1258-E4-2_Q8NEG4_FAM83F_CACO-2_nuc_mt_er.jpg,5
19039_218317_60789-1103-H5-3_A6XGL0_YJEFN3_U-2-OS_nuc_mt_er.jpg,20
25222_241190_56211-1168-A1-1_Q9NZM4_GLTSCR1_SiHa_nuc_mt_er.jpg,19
33515_200390_55897-1027-G1-1_Q9Y315_DERA_CACO-2_nuc_mt_er.jpg,5
36211_257652_56705-1203-F2-2_Q8N5A5_ZGPAT_PC-3_nuc_mt_er.jpg,13
37062_293412_25711-1276-B3-1_Q8N3E9_PLCD3_HeLa_nuc_mt_er.jpg,9
20779_234738_47533-1145-D10-1_Q9BY50_SEC11C_Hep-G2_nuc_mt_er.jpg,10
32048_347342_18237-1401-C7-2_Q8NDW4_ZNF248_RH-30_nuc_mt_er.jpg,15
23153_355783_62496-1418-B7-1_Q8N1L9_BATF2_Hep-G2_nuc_mt_er.jpg,10
23666_327257_54483-1334-B10-4_Q9Y237_PIN4_Hep-G2_nuc_mt_er.jpg,10
19908_267140_67181-1254-H9-1_O43513_MED7_CACO-2_nuc_mt_er.jpg,5
33378_161698_43091-857-H2-1_Q8WV22_NSMCE1_A549_nuc_mt_er.jpg,1
2017_235041_64967-1151-B3-2_P51955_NEK2_RH-30_nuc_mt_er.jpg,15
4626_277565_67411-1258-D10-2_Q9ULX3_NOB1_CACO-2_nuc_mt_er.jpg,5
11178_304026_68284-1285-E3-4_P13929_ENO3_U-2-OS_nuc_mt_er.jpg,20
15816_342110_53969-1386-D12-2_Q92817_EVPL_RT4_nuc_mt_er.jpg,16
30626_117591_4506-646-F12-1_Q96ST3_SIN3A_U-251-MG_nuc_mt_er.jpg,21
1953_317324_63993-1320-D7-2_Q7Z591_AKNA_HaCaT_nuc_mt_er.jpg,8
5413_359017_5679-1424-F7-1_P15428_HPGD_RT4_nuc_mt_er.jpg,16
19580_427875_18332-1639-D1-1_P78412_IRX6_HEK-293_nuc_mt_er.jpg,6
11578_2095_6308-11-G8-1_O94760_DDAH1_A-431_nuc_mt_er.jpg,0
29956_226810_61866-1135-G11-1_Q96ST2_IWS1_Hep-G2_nuc_mt_er.jpg,10
29098_299841_63694-1277-C1-1_Q15528_MED22_HeLa_nuc_mt_er.jpg,9
17113_263707_20459-1232-D4-2_O15091_KIAA0391_MCF7_nuc_mt_er.jpg,11
33783_278530_64466-1244-C2-10_O76054_SEC14L2_U-2-OS_nuc_mt_er.jpg,20
1596_439551_77996-1676-E9-3__TRIM6_REH_nuc_mt_er.jpg,14
22961_208676_11731-1044-C5-1_Q13228_SELENBP1_HeLa_nuc_mt_er.jpg,9
38009_332126_53715-1213-H1-4_Q8WXD2_SCG3_SH-SY5Y_nuc_mt_er.jpg,17
21059_111604_39039-617-D11-3_Q5SNT2_TMEM201_A-431_nuc_mt_er.jpg,0
18438_427255_21406-1659-C4-1_Q9Y3A0_COQ4_HeLa_nuc_mt_er.jpg,9
32006_110718_13792-612-G3-1_Q9BTE3_MCMBP_U-251-MG_nuc_mt_er.jpg,21
39720_341728_69691-1381-A10-1_Q86UP9_LHFPL3_SH-SY5Y_nuc_mt_er.jpg,17
37034_190058_49367-987-G5-1_Q96GX8_C16orf74_PC-3_nuc_mt_er.jpg,13
8285_277399_24616-1291-G12-1_Q4ZG55_GREB1_SK-MEL-30_nuc_mt_er.jpg,18
25697_325922_64683-1331-B9-2_Q99593_TBX5_BJ_nuc_mt_er.jpg,4
37043_526282_47381-1750-H2-3-cr57fb72de909f1_O15247_CLIC2_ASC-TERT1_nuc_mt_er.jpg,3
11240_357483_71450-1430-B2-1_Q6ZN44_UNC5A_SH-SY5Y_nuc_mt_er.jpg,17
32595_392814_52734-1549-E6-1_P49715_CEBPA_CACO-2_nuc_mt_er.jpg,5
19835_367315_74851-1466-C12-3_Q9UBP5_HEY2_HEK-293_nuc_mt_er.jpg,6
24205_361864_52775-1442-E2-5_Q9H158_PCDHAC1_PC-3_nuc_mt_er.jpg,13
6488_352663_73633-1410-E10-5_O60218_AKR1B10_Hep-G2_nuc_mt_er.jpg,10
1293_225395_62626-1127-E10-1_Q9BU23_LMF2_HEK-293_nuc_mt_er.jpg,6
16218_174622_33850-924-B11-1_O00219_HAS3_U-251-MG_nuc_mt_er.jpg,21
13705_325811_70684-1343-F12-1_Q15643_TRIP11_HaCaT_nuc_mt_er.jpg,8
34387_231737_29102-1142-A3-1_Q15493_RGN_Hep-G2_nuc_mt_er.jpg,10
33591_271852_67575-1265-H10-4_Q9NXR8_ING3_HEK-293_nuc_mt_er.jpg,6
36404_342413_17322-1386-G4-2_Q8WVX9_FAR1_RT4_nuc_mt_er.jpg,16
20261_331034_71732-1357-F12-1_O95644_NFATC1_MCF7_nuc_mt_er.jpg,11
31765_254481_62465-1194-F7-3_Q9HCC6_HES4_PC-3_nuc_mt_er.jpg,13
7825_203180_45895-1054-A12-1_Q08499_PDE4D_HeLa_nuc_mt_er.jpg,9
6559_184337_54612-957-B2-1_Q6Y7W6_GIGYF2_MCF7_nuc_mt_er.jpg,11
13007_417749_50290-1645-D8-7-cr57c04192b27f1_Q8N4Z0_RAB42_HeLa_nuc_mt_er.jpg,9
35142_153478_50074-823-D10-1_Q99697_PITX2_CACO-2_nuc_mt_er.jpg,5
60_351814_50263-1405-F2-1_Q2M3M2_SLC5A9_Hep-G2_nuc_mt_er.jpg,10
12940_379311_70542-1495-C7-2_Q8NFQ8_TOR1AIP2_SiHa_nuc_mt_er.jpg,19
32892_388833_40062-1541-H11-1_Q9GZZ0_HOXD1_RT4_nuc_mt_er.jpg,16
34298_230651_62422-1148-D10-1_O43542_XRCC3_MCF7_nuc_mt_er.jpg,11
28291_159856_46527-852-G5-1_Q9C0J8_WDR33_PC-3_nuc_mt_er.jpg,13
16382_207614_58536-1045-E4-1_Q9NY57_STK32B_HeLa_nuc_mt_er.jpg,9
5578_203302_56240-1040-G1-1_Q5T9C9_PIP5KL1_HEK-293_nuc_mt_er.jpg,6
34111_246751_63426-1187-F10-1_P52294_KPNA1_PC-3_nuc_mt_er.jpg,13
18917_398365_38462-1579-D1-4_P55771_PAX9_PC-3_nuc_mt_er.jpg,13
38690_222159_45471-1129-C9-1_Q96A59_MARVELD3_MCF7_nuc_mt_er.jpg,11
15507_70297_42064-418-A4-1_Q01955_COL4A3_U-2-OS_nuc_mt_er.jpg,20
14207_70341_35373-420-D1-1_Q8TAD4_SLC30A5_U-251-MG_nuc_mt_er.jpg,21
35904_341499_70819-1385-D10-2_O43829_ZBTB14_RT4_nuc_mt_er.jpg,16
18737_328977_23861-1327-B6-1_Q63HM1_AFMID_Hep-G2_nuc_mt_er.jpg,10
4839_90383_43760-512-B9-1_P60891_PRPS1_A-431_nuc_mt_er.jpg,0
34174_167907_55308-883-E6-1_Q01658_DR1_PC-3_nuc_mt_er.jpg,13
32208_191606_46423-984-B5-1_Q9NS26_SPANXA2_A549_nuc_mt_er.jpg,1
14745_308157_51006-1309-B4-2_O95445_APOM_Hep-G2_nuc_mt_er.jpg,10
24173_149774_48362-804-D5-1_Q8IZQ5_C11orf31_HEK-293_nuc_mt_er.jpg,6
25531_277937_64725-1283-E5-4_Q96RK0_CIC_HeLa_nuc_mt_er.jpg,9
39999_232017_56913-1144-E5-2_Q9BUJ0_ABHD14A_Hep-G2_nuc_mt_er.jpg,10
34562_230284_27990-1142-D9-2_O00442_RTCA_Hep-G2_nuc_mt_er.jpg,10
28089_133342_31631-723-F1-1_P40337_VHL_MCF7_nuc_mt_er.jpg,11
11860_315305_54050-1310-G6-4_Q9ULW6_NAP1L2_A549_nuc_mt_er.jpg,1
33465_250051_58665-1176-H11-7_P57073_SOX8_RH-30_nuc_mt_er.jpg,15
30344_132228_41065-715-D2-1_O95273_CCNDBP1_HEK-293_nuc_mt_er.jpg,6
26865_260029_53643-1219-F3-1_O95278_EPM2A_SH-SY5Y_nuc_mt_er.jpg,17
14910_227640_58151-1136-C1-1_Q5T5M9_CCNJ_Hep-G2_nuc_mt_er.jpg,10
1173_331350_64839-1346-C2-1_Q9P206_KIAA1522_HaCaT_nuc_mt_er.jpg,8
27093_170673_47458-896-A11-1_Q9Y546_LRRC42_PC-3_nuc_mt_er.jpg,13
36444_36355_24264-217-D11-1_Q9Y6U3_SCIN_U-2-OS_nuc_mt_er.jpg,20
8434_439804_20527-1657-E10-3_Q5T5Y3_CAMSAP1_SH-SY5Y_nuc_mt_er.jpg,17
22301_213496_61123-1082-G11-1_P49750_YLPM1_MCF7_nuc_mt_er.jpg,11
4697_331045_71185-1357-C12-6_P22694_PRKACB_MCF7_nuc_mt_er.jpg,11
1085_219568_56347-1050-B2-8_Q9H1A3_METTL9_HeLa_nuc_mt_er.jpg,9
21758_343922_54347-1391-C5-2_Q7L4P6_BEND5_RT4_nuc_mt_er.jpg,16
6512_11001_2561-57-B11-1_O14602_EIF1AY_A-431_nuc_mt_er.jpg,0
25919_133375_47893-722-H9-1_Q9HBE1_PATZ1_MCF7_nuc_mt_er.jpg,11
37681_394236_75277-1561-C3-1_Q9NRV9_HEBP1_SK-MEL-30_nuc_mt_er.jpg,18
20869_233340_59695-1149-G10-2_Q5JSL3_DOCK11_RH-30_nuc_mt_er.jpg,15
22986_348977_68691-1402-D5-1_Q9NT68_TENM2_RH-30_nuc_mt_er.jpg,15
22989_261725_19866-1226-E6-1_Q5C9Z4_NOM1_MCF7_nuc_mt_er.jpg,11
25213_13362_5682-80-C10-1_Q2KHR3_QSER1_A-431_nuc_mt_er.jpg,0
28344_181920_326-951-A3-1_P05549_TFAP2A_U-251-MG_nuc_mt_er.jpg,21
22119_208620_35447-1044-F9-1_Q5VUG0_SFMBT2_HeLa_nuc_mt_er.jpg,9
14047_240578_31096-1161-A3-2_Q5TEJ8_THEMIS2_RH-30_nuc_mt_er.jpg,15
17180_269995_41427-1261-G1-3_Q9NW81_ATP5SL_CACO-2_nuc_mt_er.jpg,5
5045_121084_2580-665-E11-1_P09936_UCHL1_U-251-MG_nuc_mt_er.jpg,21
38920_366662_35113-1462-B2-3_Q9NP78_ABCB9_MCF7_nuc_mt_er.jpg,11
31640_236415_39527-1162-F11-1_Q96MF2_STAC3_RH-30_nuc_mt_er.jpg,15
35102_384004_24187-1516-B7-2_Q9UBX0_HESX1_SK-MEL-30_nuc_mt_er.jpg,18
18901_26448_18903-151-G8-1_P43250_GRK6_U-2-OS_nuc_mt_er.jpg,20
21570_279021_64114-1269-B4-1_Q8TDN4_CABLES1_SK-MEL-30_nuc_mt_er.jpg,18
18521_103971_14480-583-G1-1_Q8IUX1_TMEM126B_U-2-OS_nuc_mt_er.jpg,20
16352_213612_56390-1050-F4-4_O75629_CREG1_HeLa_nuc_mt_er.jpg,9
28203_219035_5812-1113-H3-1_P09651_HNRNPA1_A549_nuc_mt_er.jpg,1
36451_387496_59627-1525-H7-4_Q6PHW0_IYD_CACO-2_nuc_mt_er.jpg,5
23663_254875_64697-1202-B4-1_Q92613_JADE3_SH-SY5Y_nuc_mt_er.jpg,17
4359_441528_23423-1636-F2-23-cr57bed6cfdcf01_Q8N4N3_KLHL36_A549_nuc_mt_er.jpg,1
4319_288994_42924-1291-G7-1_Q9Y617_PSAT1_SK-MEL-30_nuc_mt_er.jpg,18
13956_498254_9137-1721-E2-2-cr57ea9c834485c_P35670_ATP7B_CACO-2_nuc_mt_er.jpg,5
28715_256125_63656-1210-G12-1_P28072_PSMB6_PC-3_nuc_mt_er.jpg,13
1273_355151_62149-1414-D5-1_Q9P1Y5_CAMSAP3_Hep-G2_nuc_mt_er.jpg,10
3712_164356_50062-864-B1-2_P47712_PLA2G4A_A549_nuc_mt_er.jpg,1
37807_295836_66285-1279-F8-1_Q8WTV0_SCARB1_SK-MEL-30_nuc_mt_er.jpg,18
1426_229767_63596-1139-C5-1_P36405_ARL3_A549_nuc_mt_er.jpg,1
15063_345310_24284-1395-D5-1_Q8N9S9_SNX31_RT4_nuc_mt_er.jpg,16
21279_239848_3618-1165-B8-1_Q96MV8_ZDHHC15_RH-30_nuc_mt_er.jpg,15
12197_278998_63163-1269-G5-1_Q5T0D9_TPRG1L_SK-MEL-30_nuc_mt_er.jpg,18
38534_208642_9067-1044-F8-1_Q9NQ38_SPINK5_HeLa_nuc_mt_er.jpg,9
23654_138164_50396-753-B10-1_Q9H501_ESF1_Hep-G2_nuc_mt_er.jpg,10
664_352730_70648-1410-F8-2_Q99569_PKP4_Hep-G2_nuc_mt_er.jpg,10
5172_149846_40095-804-B1-2_O60841_EIF5B_HEK-293_nuc_mt_er.jpg,6
29089_538633_14979-1687-G10-1_Q8TBJ4_PLPPR1_AF22_nuc_mt_er.jpg,2
16208_245975_64759-1186-G2-1_Q8WYN0_ATG4A_PC-3_nuc_mt_er.jpg,13
39329_351773_64845-1405-G4-1_Q99424_ACOX2_Hep-G2_nuc_mt_er.jpg,10
17371_369904_46805-1466-A3-3_P49406_MRPL19_HEK-293_nuc_mt_er.jpg,6
12584_407449_76096-1605-H11-1_B7ZAQ6_GPR89A_MCF7_nuc_mt_er.jpg,11
5910_343689_71690-1385-A3-1_Q7L9L4_MOB1B_RT4_nuc_mt_er.jpg,16
36940_523817_78664-1750-C7-8-cr57fb835d08b16_P35498_SCN1A_ASC-TERT1_nuc_mt_er.jpg,3
20524_406165_75650-1605-F1-1_P56915_GSC_MCF7_nuc_mt_er.jpg,11
24303_218359_60522-1103-C4-1_B2RD01_CENPBD1_U-2-OS_nuc_mt_er.jpg,20
38569_381893_60228-1512-D8-2_Q16671_AMHR2_HEK-293_nuc_mt_er.jpg,6
37520_522886_9300-1752-G6-3-cr5804ede0802c6_Q9NPY3_CD93_HUVEC-TERT2_nuc_mt_er.jpg,7
33557_242830_62824-1170-E6-2_Q969Z4_RELT_RH-30_nuc_mt_er.jpg,15
35082_265045_64537-1233-A1-1_Q96S90_LYSMD1_SH-SY5Y_nuc_mt_er.jpg,17
23649_133430_47118-722-H5-2_Q9H0D6_XRN2_MCF7_nuc_mt_er.jpg,11
19762_373302_35648-1484-D7-2_P56597_NME5_SK-MEL-30_nuc_mt_er.jpg,18
38003_334610_58869-1361-C7-1_Q96GR2_ACSBG1_SK-MEL-30_nuc_mt_er.jpg,18
995_143071_52138-766-G4-1_Q9BTV7_CABLES2_MCF7_nuc_mt_er.jpg,11
24793_347504_56825-1404-G11-2_O95486_SEC24A_Hep-G2_nuc_mt_er.jpg,10
11331_245811_41810-1179-G8-2_Q9UL63_MKLN1_SiHa_nuc_mt_er.jpg,19
14329_548276_39425-1711-A1-1_Q8N309_LRRC43_SH-SY5Y_nuc_mt_er.jpg,17
38107_401352_70409-1587-C10-1_Q9HD40_SEPSECS_RH-30_nuc_mt_er.jpg,15
437_147572_44848-788-A4-6_P63316_TNNC1_HeLa_nuc_mt_er.jpg,9
10547_133389_49880-722-C8-1_Q9HCM7_FBRSL1_MCF7_nuc_mt_er.jpg,11
10846_272905_62415-1246-C9-2_P68036_UBE2L3_A-431_nuc_mt_er.jpg,0
23933_145673_51240-786-E7-1_Q6NSI8_KIAA1841_HeLa_nuc_mt_er.jpg,9
1438_345887_37583-1396-F12-8_Q5SXH7_PLEKHS1_RT4_nuc_mt_er.jpg,16
16270_162661_54938-859-B8-2_P50591_TNFSF10_U-2-OS_nuc_mt_er.jpg,20
17209_227941_40674-1137-G10-2_O75439_PMPCB_MCF7_nuc_mt_er.jpg,11
21621_104661_30637-587-A9-1_Q9HCL3_ZFP14_U-251-MG_nuc_mt_er.jpg,21
29805_211973_38729-1026-H10-3_Q9UQ49_NEU3_CACO-2_nuc_mt_er.jpg,5
9775_240614_64202-1164-F2-1_P32320_CDA_SiHa_nuc_mt_er.jpg,19
20966_98764_42082-557-C3-1_O43361_ZNF749_A-431_nuc_mt_er.jpg,0
19779_374910_27224-1486-F10-5_Q9P2F8_SIPA1L2_SiHa_nuc_mt_er.jpg,19
36112_398102_68553-1578-C2-4__AC003006-7_HEK-293_nuc_mt_er.jpg,6
34138_379134_73086-1494-A2-2_P49450_CENPA_RH-30_nuc_mt_er.jpg,15
33262_141764_46715-762-H5-1_P02647_APOA1_Hep-G2_nuc_mt_er.jpg,10
3289_356440_41487-1423-F10-2_Q06520_SULT2A1_RT4_nuc_mt_er.jpg,16
37725_335113_63224-1320-C8-6_Q9H201_EPN3_HaCaT_nuc_mt_er.jpg,8
36596_390637_58772-1533-D9-3_Q14112_NID2_BJ_nuc_mt_er.jpg,4
21_240009_17959-1150-H2-1_Q9NP74_PALMD_RH-30_nuc_mt_er.jpg,15
36711_426354_66751-1653-H2-1_Q9H4M9_EHD1_SiHa_nuc_mt_er.jpg,19
4032_257850_11959-1216-A12-1_Q9ULL5_PRR12_PC-3_nuc_mt_er.jpg,13
18987_500872_43781-1677-E1-1_P0C6S8_LINGO3_REH_nuc_mt_er.jpg,14
1824_300245_67561-1284-A6-1_Q9BTT0_ANP32E_HEK-293_nuc_mt_er.jpg,6
13519_131856_48028-714-A8-1_P49770_EIF2B2_MCF7_nuc_mt_er.jpg,11
6082_199104_43645-978-B3-8_Q9Y5V3_MAGED1_PC-3_nuc_mt_er.jpg,13
29104_329331_69805-1347-E4-1_Q9Y5Q8_GTF3C5_U-2-OS_nuc_mt_er.jpg,20
12176_387410_73493-1529-C3-1_O00590_ACKR2_RT4_nuc_mt_er.jpg,16
7938_359103_54657-1424-B9-4_Q96Q06_PLIN4_RT4_nuc_mt_er.jpg,16
11209_213041_41650-1081-E9-1_O95294_RASAL1_MCF7_nuc_mt_er.jpg,11
12101_50909_28425-327-G3-1_P41240_CSK_U-251-MG_nuc_mt_er.jpg,21
13544_235369_29313-1145-E7-2_O00187_MASP2_Hep-G2_nuc_mt_er.jpg,10
25781_236003_53713-1150-F7-2_Q96SF7_TBX15_RH-30_nuc_mt_er.jpg,15
30922_324999_68429-1335-C10-2_A0PJZ3_GXYLT2_SiHa_nuc_mt_er.jpg,19
12351_407134_75956-1609-H1-1_Q70Z35_PREX2_RH-30_nuc_mt_er.jpg,15
37491_237702_23499-1158-B10-1_Q7Z7B1_PIGW_U-2-OS_nuc_mt_er.jpg,20
24879_374832_71863-1486-A11-1_P17010_ZFX_SiHa_nuc_mt_er.jpg,19
37533_258141_10574-1213-A3-2_Q9H2B2_SYT4_SH-SY5Y_nuc_mt_er.jpg,17
16991_13762_8880-100-D6-1_P23368_ME2_A-431_nuc_mt_er.jpg,0
5989_132259_39465-715-G1-1_O43261_DLEU1_HEK-293_nuc_mt_er.jpg,6
28419_265276_57567-1240-B10-1_Q8N9N2_ASCC1_CACO-2_nuc_mt_er.jpg,5
3957_496533_75505-1721-F9-3-cr57f250d8d7204_Q9NZB8_MOCS1_CACO-2_nuc_mt_er.jpg,5
32246_270989_7594-1220-H3-1_P18615_NELFE_SH-SY5Y_nuc_mt_er.jpg,17
13669_349069_1654-1404-C4-1_P02749_APOH_Hep-G2_nuc_mt_er.jpg,10
24841_259300_64732-1223-D11-1_O14641_DVL2_SH-SY5Y_nuc_mt_er.jpg,17
23003_368521_74622-1434-D3-1_O75683_SURF6_PC-3_nuc_mt_er.jpg,13
36968_369835_31594-1466-A6-1_Q8TD20_SLC2A12_HEK-293_nuc_mt_er.jpg,6
32768_132479_48671-716-D7-1_P62807_HIST1H2BE_HEK-293_nuc_mt_er.jpg,6
12480_294317_65538-1277-A5-1_O95248_SBF1_HeLa_nuc_mt_er.jpg,9
36945_390407_70941-1534-G8-1_Q9Y5Q5_CORIN_BJ_nuc_mt_er.jpg,4
17976_200080_50025-1028-F11-1_P10809_HSPD1_CACO-2_nuc_mt_er.jpg,5
20760_342053_20215-1383-E2-2_Q01668_CACNA1D_RT4_nuc_mt_er.jpg,16
4452_338907_72513-1371-G1-1_Q7Z5Q1_CPEB2_SK-MEL-30_nuc_mt_er.jpg,18
29042_165361_54559-870-G1-1_Q15233_NONO_HeLa_nuc_mt_er.jpg,9
19553_306624_51088-1303-C6-3_Q9ULD8_KCNH3_A549_nuc_mt_er.jpg,1
22080_256357_21886-1207-D4-1__CYSRT1_MCF7_nuc_mt_er.jpg,11
30209_406731_55368-1609-E3-1_Q96KN3_PKNOX2_RH-30_nuc_mt_er.jpg,15
21206_497501_19357-1721-E5-3-cr57eab8a21d48d_Q9UNP9_PPIE_CACO-2_nuc_mt_er.jpg,5
25751_289002_56533-1291-G6-1_Q9NYJ7_DLL3_SK-MEL-30_nuc_mt_er.jpg,18
21183_380492_5782-1509-B9-1_Q9UIF9_BAZ2A_SiHa_nuc_mt_er.jpg,19
16028_353654_62095-1416-E11-1_Q0D2K2_KLHL30_RH-30_nuc_mt_er.jpg,15
8163_189035_37915-978-A1-1_P30044_PRDX5_PC-3_nuc_mt_er.jpg,13
24114_83039_39503-477-A12-1_Q8N8A6_DDX51_U-251-MG_nuc_mt_er.jpg,21
4940_386524_67008-1527-D7-1_Q9HAU5_UPF2_BJ_nuc_mt_er.jpg,4
13256_448067_7152-1667-G1-4-cr57e539b48fe9f_Q16849_PTPRN_BJ_nuc_mt_er.jpg,4
2366_385426_73876-1520-H5-1_Q9Y3F4_STRAP_CACO-2_nuc_mt_er.jpg,5
33351_251071_61693-1178-F5-8_Q5VT52_RPRD2_SiHa_nuc_mt_er.jpg,19
6119_236015_37940-1145-E1-1_P14222_PRF1_Hep-G2_nuc_mt_er.jpg,10
30074_245782_40834-1179-D8-1_Q6KC79_NIPBL_SiHa_nuc_mt_er.jpg,19
35653_257928_47412-1216-D11-5_Q86UD1_OAF_PC-3_nuc_mt_er.jpg,13
5692_352811_70455-1410-B8-2_Q92835_INPP5D_Hep-G2_nuc_mt_er.jpg,10
31049_110163_19281-611-F3-2_P10589_NR2F1_U-251-MG_nuc_mt_er.jpg,21
33286_236503_51354-1162-A7-1_Q8WX77_IGFBPL1_RH-30_nuc_mt_er.jpg,15
19515_302465_63889-1279-A1-1_Q92833_JARID2_SK-MEL-30_nuc_mt_er.jpg,18
2938_41344_25735-240-A10-1_O00154_ACOT7_A-431_nuc_mt_er.jpg,0
13992_241545_63863-1178-E11-1_Q9NPR9_GPR108_SiHa_nuc_mt_er.jpg,19
29083_341871_31427-1383-G11-1_Q92529_SHC3_RT4_nuc_mt_er.jpg,16
21940_198486_58999-1020-E9-1_Q6UWT4_C5orf46_PC-3_nuc_mt_er.jpg,13
13772_427984_45607-1595-F2-2_Q9UNW9_NOVA2_AF22_nuc_mt_er.jpg,2
13204_344283_70248-1392-E10-2_O75845_SC5D_RT4_nuc_mt_er.jpg,16
2229_206460_57676-1016-C12-3_Q8IU60_DCP2_U-2-OS_nuc_mt_er.jpg,20
906_339416_31345-1334-F5-4_P11166_SLC2A1_Hep-G2_nuc_mt_er.jpg,10
757_401778_62937-1591-E10-2_Q9Y446_PKP3_HaCaT_nuc_mt_er.jpg,8
24196_384786_66175-1503-G4-1_Q5BKY9_FAM133B_MCF7_nuc_mt_er.jpg,11
12130_381039_36236-1509-E4-1_Q9HB03_ELOVL3_SiHa_nuc_mt_er.jpg,19
18100_383634_75001-1518-F4-1_Q7LGA3_HS2ST1_RT4_nuc_mt_er.jpg,16
32865_273679_67703-1283-D7-3_O60907_TBL1X_HeLa_nuc_mt_er.jpg,9
22384_74929_36822-442-A3-1_Q93075_TATDN2_U-2-OS_nuc_mt_er.jpg,20
17967_169964_55765-878-A3-1_P82675_MRPS5_A549_nuc_mt_er.jpg,1
22170_518322_73626-1682-E1-2__CDK11B_SK-MEL-30_nuc_mt_er.jpg,18
16307_329494_43230-1334-D2-1_P51956_NEK3_Hep-G2_nuc_mt_er.jpg,10
22860_413954_57420-1610-C12-1_P04198_MYCN_RH-30_nuc_mt_er.jpg,15
39448_344332_60975-1392-A8-1_Q9Y4E1_FAM21C_RT4_nuc_mt_er.jpg,16
39330_244617_64845-1186-H5-1_Q99424_ACOX2_PC-3_nuc_mt_er.jpg,13
15526_134788_47369-732-D6-2_Q6P996_PDXDC1_HEK-293_nuc_mt_er.jpg,6
13225_546868_43930-1742-E9-18-cr5804930fbb88d_P28300_LOX_BJ_nuc_mt_er.jpg,4
35291_368109_46620-1472-F8-2_O60508_CDC40_HEK-293_nuc_mt_er.jpg,6
7960_243057_46194-1177-H9-2_Q86YS7_C2CD5_RH-30_nuc_mt_er.jpg,15
36827_276794_6884-1293-A7-2_P09327_VIL1_Hep-G2_nuc_mt_er.jpg,10
39975_397248_61218-1573-F5-1_A6NC86_PINLYP_HaCaT_nuc_mt_er.jpg,8
28597_232169_59353-1147-C9-2_Q15911_ZFHX3_MCF7_nuc_mt_er.jpg,11
25795_176345_9459-921-A5-1_O75419_CDC45_A-431_nuc_mt_er.jpg,0
37238_391385_15600-1510-H3-2_P17677_GAP43_SH-SY5Y_nuc_mt_er.jpg,17
16850_178742_17498-932-C5-1_P13196_ALAS1_U-2-OS_nuc_mt_er.jpg,20
22441_219225_57533-1112-G4-1_Q53EV4_LRRC23_A549_nuc_mt_er.jpg,1
33945_236535_64800-1152-F11-1_Q9H9J4_USP42_RH-30_nuc_mt_er.jpg,15
18869_241021_20523-1168-A7-1_Q9NRP4_SDHAF3_SiHa_nuc_mt_er.jpg,19
35670_206363_42386-1036-D10-3_Q9NUA8_ZBTB40_HEK-293_nuc_mt_er.jpg,6
23854_164564_47006-866-D5-1_Q9GZR2_REXO4_HEK-293_nuc_mt_er.jpg,6
29929_338408_21501-1364-D8-1_Q8WTR2_DUSP19_SK-MEL-30_nuc_mt_er.jpg,18
12778_376868_40841-1486-G1-1_O60337_6_SiHa_nuc_mt_er.jpg,19
8720_35716_18467-178-C7-2_Q14005_IL16_A-431_nuc_mt_er.jpg,0
12190_401411_65852-1587-E8-1_O95405_ZFYVE9_RH-30_nuc_mt_er.jpg,15
5159_361265_11723-1443-B1-3_Q9NVE7_PANK4_PC-3_nuc_mt_er.jpg,13
35547_355633_59676-1421-H10-1_Q8NCA9_ZNF784_RT4_nuc_mt_er.jpg,16
25467_335860_49909-1361-H4-1_Q9NPI5_NMRK2_SK-MEL-30_nuc_mt_er.jpg,18
32550_10726_3652-58-F7-1_Q5HYW3_RGAG4_U-251-MG_nuc_mt_er.jpg,21
5903_246768_63344-1187-B10-1_P61599_NAA20_PC-3_nuc_mt_er.jpg,13
31351_396829_72160-1569-G10-1_P31274_HOXC9_HEK-293_nuc_mt_er.jpg,6
24941_138143_48898-753-H10-1_Q96GD3_SCMH1_Hep-G2_nuc_mt_er.jpg,10
3732_354102_59153-1413-H5-1_Q5T5D7_ZNF684_RH-30_nuc_mt_er.jpg,15
10658_142739_52075-779-H5-3_Q9H840_GEMIN7_U-2-OS_nuc_mt_er.jpg,20
37466_361878_56391-1442-A1-2_B2RXF0_TMEM229A_PC-3_nuc_mt_er.jpg,13
13301_329716_65849-1318-B9-4_Q9P2R3_ANKFY1_A549_nuc_mt_er.jpg,1
28741_326838_18032-1331-E3-1_Q5VXT5_SYPL2_BJ_nuc_mt_er.jpg,4
11822_198064_45457-1021-G7-1_Q96MB7_HARBI1_PC-3_nuc_mt_er.jpg,13
25157_154254_45943-824-C10-6_Q9BZS1_FOXP3_MCF7_nuc_mt_er.jpg,11
13553_317933_63793-1314-D10-2_Q9UEW3_MARCO_HaCaT_nuc_mt_er.jpg,8
34455_137831_30772-750-G4-1_Q6P1J9_CDC73_MCF7_nuc_mt_er.jpg,11
13753_26159_18189-149-C8-1_Q8NBN3_TMEM87A_U-251-MG_nuc_mt_er.jpg,21
14201_349074_1525-1404-F4-1_P02765_AHSG_Hep-G2_nuc_mt_er.jpg,10
19428_200925_58546-991-D12-6_P36969_GPX4_A549_nuc_mt_er.jpg,1
34386_273414_29102-1253-D8-1_Q15493_RGN_CACO-2_nuc_mt_er.jpg,5
35525_356230_67823-1422-D3-1_Q9UK11_ZNF223_RT4_nuc_mt_er.jpg,16
6980_334748_66819-1368-F3-1_Q8NG68_TTL_BJ_nuc_mt_er.jpg,4
15386_366654_74409-1462-H3-3_Q9NR09_BIRC6_MCF7_nuc_mt_er.jpg,11
26957_116879_47301-644-B4-1_O15527_OGG1_U-251-MG_nuc_mt_er.jpg,21
1220_202598_16860-1030-A8-1_Q8TF71_SLC16A10_CACO-2_nuc_mt_er.jpg,5
14255_227255_59150-1136-A6-2_P19823_ITIH2_Hep-G2_nuc_mt_er.jpg,10
22657_382870_76370-1539-A4-3_P62068_USP46_BJ_nuc_mt_er.jpg,4
24207_219113_59367-1112-C10-1_Q8N140_EID3_A549_nuc_mt_er.jpg,1
38138_242000_57642-1178-B4-1_Q8IY34_SLC15A3_SiHa_nuc_mt_er.jpg,19
15826_200809_53182-1028-C3-1_Q96FA3_PELI1_CACO-2_nuc_mt_er.jpg,5
12309_307663_47750-1309-F11-1_P00739_HPR_Hep-G2_nuc_mt_er.jpg,10
11626_249779_57587-1061-B6-4_Q9HCC9_ZFYVE28_HeLa_nuc_mt_er.jpg,9
18035_374878_63324-1487-G6-2_Q9UIJ7_AK3_SiHa_nuc_mt_er.jpg,19
33535_67424_36950-407-C9-2_Q9P0K7_RAI14_A-431_nuc_mt_er.jpg,0
24000_267081_65719-1254-E10-1_O75461_E2F6_CACO-2_nuc_mt_er.jpg,5
1993_427073_15581-1595-A1-3_Q9HC56_PCDH9_AF22_nuc_mt_er.jpg,2
786_164271_43922-864-B5-1_P11498_PC_A549_nuc_mt_er.jpg,1
6071_273575_67064-1283-E10-2_O15534_PER1_HeLa_nuc_mt_er.jpg,9
10852_371376_68265-1476-B7-3_P42330_AKR1C3_A549_nuc_mt_er.jpg,1
30689_138028_32136-750-C2-1_P16455_MGMT_MCF7_nuc_mt_er.jpg,11
35051_191361_53730-986-E5-1_P30085_CMPK1_PC-3_nuc_mt_er.jpg,13
8841_34460_20600-177-E7-1_Q8N3Z6_ZCCHC7_U-251-MG_nuc_mt_er.jpg,21
23430_150347_53408-806-F7-1_P14373_TRIM27_HEK-293_nuc_mt_er.jpg,6
27264_391224_71308-1510-E9-1_Q9Y2P8_RCL1_SH-SY5Y_nuc_mt_er.jpg,17
9024_428025_31148-1595-E3-2_Q03924_ZNF117_AF22_nuc_mt_er.jpg,2
18581_532386_22029-1748-E2-7-cr5805de9f5b975_Q5VYM1_C9orf131_RT4_nuc_mt_er.jpg,16
7178_5183_5689-28-G8-1_P54132_BLM_U-251-MG_nuc_mt_er.jpg,21
34976_3806_826-21-F7-1_Q8IWD4_CCDC117_A-431_nuc_mt_er.jpg,0
25513_254836_64685-1202-H2-1_P13010_XRCC5_SH-SY5Y_nuc_mt_er.jpg,17
12727_552240_34609-1734-B4-2_Q9P2P5_HECW2_SH-SY5Y_nuc_mt_er.jpg,17
22727_289286_24642-1291-E3-1_Q9H9Y2_RPF1_SK-MEL-30_nuc_mt_er.jpg,18
36149_245941_64807-1186-A4-3_P20138_CD33_PC-3_nuc_mt_er.jpg,13
23984_308452_69204-1304-E2-3_Q969H6_POP5_A549_nuc_mt_er.jpg,1
20215_144737_50666-784-A4-1_Q15650_TRIP4_HeLa_nuc_mt_er.jpg,9
12546_102145_30829-571-C6-1_Q96AG4_LRRC59_A-431_nuc_mt_er.jpg,0
21664_235636_36198-1145-H4-2_Q6Q6R5_CRIP3_Hep-G2_nuc_mt_er.jpg,10
12110_482700_24491-1719-G5-8-cr5804b4e8b85df_A2RUS2_DENND3_A549_nuc_mt_er.jpg,1
37778_426807_45769-1593-E8-1_P35590_TIE1_AF22_nuc_mt_er.jpg,2
32187_267630_62347-1261-D10-3_A7MCY6_TBKBP1_CACO-2_nuc_mt_er.jpg,5
32459_241955_61583-1178-A5-1_Q2VIQ3_KIF4B_SiHa_nuc_mt_er.jpg,19
37974_461778_48636-1700-D11-7-cr57eac4ddc2087_P42127_ASIP_CACO-2_nuc_mt_er.jpg,5
26256_247307_30055-1184-D7-1_Q9H0B8_CRISPLD2_SiHa_nuc_mt_er.jpg,19
13050_386925_65032-1528-F2-1_Q99942_RNF5_Hep-G2_nuc_mt_er.jpg,10
39898_456000_47064-1692-A3-8-cr57d27fae1e370_Q3C1V1_C11orf91_U-2-OS_nuc_mt_er.jpg,20
7699_329601_70225-1335-D11-6_O95456_PSMG1_SiHa_nuc_mt_er.jpg,19
30763_189371_42528-979-H9-1_P18669_PGAM1_PC-3_nuc_mt_er.jpg,13
27000_389548_74057-1544-B4-1_Q9UFB7_ZBTB47_BJ_nuc_mt_er.jpg,4
18561_229948_59370-1142-F10-1_Q9BQC6_MRPL57_Hep-G2_nuc_mt_er.jpg,10
28596_211945_59353-1060-A9-1_Q15911_ZFHX3_HeLa_nuc_mt_er.jpg,9
6297_201349_13758-1030-A6-2_Q86W74_ANKRD46_CACO-2_nuc_mt_er.jpg,5
22718_239866_35286-1165-C6-1_Q9BSC4_NOL10_RH-30_nuc_mt_er.jpg,15
14251_220331_61199-1118-F12-1_Q8N1A6_C4orf33_U-2-OS_nuc_mt_er.jpg,20
18746_3030_3591-17-F5-1_Q86TU7_SETD3_U-2-OS_nuc_mt_er.jpg,20
18523_416641_47238-1645-A3-9-cr57bda09b99870_Q9P0J6_MRPL36_HeLa_nuc_mt_er.jpg,9
28753_274063_49933-1245-C2-1_Q5TEC3_ZNF697_U-2-OS_nuc_mt_er.jpg,20
22245_214323_59332-1061-F6-2_Q8WXA9_SREK1_HeLa_nuc_mt_er.jpg,9
36915_236053_39720-1145-G1-1_Q96NU7_AMDHD1_Hep-G2_nuc_mt_er.jpg,10
20640_210_609-2-A6-1_P50402_EMD_A-431_nuc_mt_er.jpg,0
39311_473291_60462-1652-D1-1_Q8NBT3_TMEM145_SH-SY5Y_nuc_mt_er.jpg,17
38217_353516_67637-1414-F12-1_Q99726_SLC30A3_Hep-G2_nuc_mt_er.jpg,10
10035_78955_40185-461-C3-1_Q96N96_SPATA13_A-431_nuc_mt_er.jpg,0
2687_104283_31107-583-E11-1_O94915_FRYL_U-2-OS_nuc_mt_er.jpg,20
17386_278569_59124-1240-B12-7_O14548_COX7A2L_CACO-2_nuc_mt_er.jpg,5
17672_418387_47864-1645-G11-15-cr57b568eb09215_P08559_PDHA1_HeLa_nuc_mt_er.jpg,9
12960_472083_53942-1702-B2-14-cr57ea95d8533de_Q8TD06_AGR3_A549_nuc_mt_er.jpg,1
14331_206477_53529-1041-B6-1_Q9H6D3_XKR8_CACO-2_nuc_mt_er.jpg,5
33864_340206_69711-1382-B10-1_O94916_NFAT5_RT4_nuc_mt_er.jpg,16
34550_449254_43503-1667-B4-8-cr57ea4c983518f_Q9BZF9_UACA_BJ_nuc_mt_er.jpg,4
37750_263323_65508-1233-H6-2_Q9NRA0_SPHK2_SH-SY5Y_nuc_mt_er.jpg,17
175_326576_62074-1332-E6-1_Q9BTA0_FAM167B_BJ_nuc_mt_er.jpg,4
34770_141593_50419-762-C8-1_Q9H2I8_C10orf11_Hep-G2_nuc_mt_er.jpg,10
1660_221354_19087-1126-G10-2_Q8WYA0_IFT81_A549_nuc_mt_er.jpg,1
25835_203783_31093-1035-C12-2_Q13451_FKBP5_HEK-293_nuc_mt_er.jpg,6
10495_159099_47032-829-G4-3_Q9UJA5_TRMT6_U-2-OS_nuc_mt_er.jpg,20
5328_356132_55211-1422-A8-1_P07476_IVL_RT4_nuc_mt_er.jpg,16
34516_205737_56856-1050-F6-3_P23025_XPA_HeLa_nuc_mt_er.jpg,9
26251_207502_59647-1045-C6-1_Q9NWW0_HCFC1R1_HeLa_nuc_mt_er.jpg,9
38256_326793_69132-1343-C8-1_P13726_F3_HaCaT_nuc_mt_er.jpg,8
33150_151391_43882-807-D3-1_Q92783_STAM_CACO-2_nuc_mt_er.jpg,5
30915_94085_44822-527-E1-1_Q8TEJ3_SH3RF3_A-431_nuc_mt_er.jpg,0
1295_218186_62626-1104-E10-3_Q9BU23_LMF2_U-2-OS_nuc_mt_er.jpg,20
18201_244568_64867-1186-G7-2_Q5T9A4_ATAD3B_PC-3_nuc_mt_er.jpg,13
28735_344495_45877-1396-D11-2_P61968_LMO4_RT4_nuc_mt_er.jpg,16
39472_343396_52033-1393-B6-1_O75553_DAB1_RT4_nuc_mt_er.jpg,16
2292_275696_40760-1281-D4-3_Q9UJK0_TSR3_HEK-293_nuc_mt_er.jpg,6
15070_351761_47834-1405-A4-1_Q7RTS1_BHLHA15_Hep-G2_nuc_mt_er.jpg,10
29059_167737_55855-881-G11-2_Q6NT76_HMBOX1_HeLa_nuc_mt_er.jpg,9
13072_352584_73701-1410-B11-1_Q6P5X5_C22orf39_Hep-G2_nuc_mt_er.jpg,10
15499_259254_22251-1222-D4-1_Q6ZVC0_NYAP1_SH-SY5Y_nuc_mt_er.jpg,17
14072_192430_57163-990-H4-1_Q969G6_RFK_A549_nuc_mt_er.jpg,1
313_203800_56814-1035-D11-2_Q8WUD4_CCDC12_HEK-293_nuc_mt_er.jpg,6
15974_90365_26511-508-C10-1_Q08AD1_CAMSAP2_U-251-MG_nuc_mt_er.jpg,21
19405_172949_55120-907-A3-1_Q96E52_OMA1_U-251-MG_nuc_mt_er.jpg,21
